strategy,category,description,pf_final,pf_worst_year,pf_worst_year_n,pf_best_year,pf_losing_years,pf_n_years,pf_cagr,pf_sharpe,pf_max_dd,pf_vol,pf_calmar,pf_oos_final,pf_oos_worst_year,pf_oos_worst_year_n,pf_oos_best_year,pf_oos_losing_years,pf_oos_n_years,pf_oos_cagr,pf_oos_sharpe,pf_oos_max_dd,pf_oos_vol,pf_oos_calmar,trades,win_rate,avg_ret,median_ret,avg_win,avg_loss,payoff,profit_factor,worst,t_stat,avg_hold,big_win_rate,best,top5_share,is_trades,is_win_rate,is_avg_ret,is_median_ret,is_avg_win,is_avg_loss,is_payoff,is_profit_factor,is_worst,is_t_stat,is_avg_hold,is_big_win_rate,is_best,is_top5_share,oos_trades,oos_win_rate,oos_avg_ret,oos_median_ret,oos_avg_win,oos_avg_loss,oos_payoff,oos_profit_factor,oos_worst,oos_t_stat,oos_avg_hold,oos_big_win_rate,oos_best,oos_top5_share,baseline_wr,edge_vs_random,flags
QQQ 1倍 | 50日线>200日线持有,趋势,QQQ 50日线>200日线时持有1倍QQQ，否则持有现金（国债收益）。信号晚一天成交。,20.8824,-0.200469,2008,0.452715,6,28,0.11648,0.690264,-0.36465,0.184643,0.319429,4.34596,-0.123213,2022,0.430315,1,9,0.182521,0.922272,-0.285594,0.205155,0.639092,17,0.705882,0.208865,0.172094,0.319932,-0.0576965,5.54509,13.3082,-0.121289,3.25939,292.882,0.176471,0.623598,0.175627,13,0.615385,0.145048,0.0157681,0.271763,-0.0576965,4.71022,7.53635,-0.121289,2.02467,261.923,0.153846,0.623598,0.330712,4,1,0.41627,0.440883,0.41627,0,inf,inf,0.186691,4.77277,393.5,0.25,0.596623,0.358315,,,
QQQ 1倍 | RSI2<5 超卖反弹,超卖,QQQ收盘>200日线且RSI(2)<5时买入1倍QQQ，收盘>5日线卖出，最多10天；其余时间持有现金。,3.04618,-0.043316,2008,0.112731,5,28,0.0412126,0.653226,-0.13604,0.0651767,0.302944,1.40401,-0.0331657,2018,0.112731,3,9,0.0394786,0.612245,-0.0801161,0.067089,0.492767,109,0.678899,0.00576933,0.00943987,0.0182358,-0.0205884,0.885734,1.87269,-0.0865305,2.2899,3.48624,0,0.14349,0.494096,70,0.671429,0.00711485,0.0106769,0.0203687,-0.0199691,1.02001,2.08437,-0.0865305,2.07085,3.54286,0,0.14349,0.467316,39,0.692308,0.0033543,0.00680324,0.014523,-0.0217753,0.666949,1.50064,-0.0618575,0.980149,3.38462,0,0.0386448,0.29541,,,
QQQ 1倍 | RSI2<10 超卖反弹,超卖,QQQ收盘>200日线且RSI(2)<10时买入1倍QQQ，收盘>5日线卖出，最多10天；其余时间持有现金。,3.87085,-0.0568919,2016,0.168389,6,28,0.0502965,0.629787,-0.170997,0.083606,0.294137,1.62044,-0.0179798,2020,0.168389,2,9,0.0566236,0.685426,-0.104344,0.08596,0.542663,212,0.669811,0.00426749,0.00587616,0.0146877,-0.0168707,0.870606,1.76609,-0.0714547,3.09085,3.6934,0,0.0498203,0.437342,140,0.65,0.00443684,0.00518046,0.0159981,-0.0170341,0.939183,1.7442,-0.0714547,2.45647,3.74286,0,0.0498203,0.470126,72,0.708333,0.00393821,0.00633377,0.0123496,-0.0164895,0.748938,1.81885,-0.0618575,1.9081,3.59722,0,0.0361994,0.349254,,,
QQQ 1倍 | 站上200日线持有,趋势,QQQ 收盘站上200日线时持有1倍QQQ，否则持有现金（国债收益）。信号晚一天成交。,12.2584,-0.184254,2022,0.364166,9,28,0.0951231,0.623136,-0.419342,0.169092,0.226839,4.02043,-0.184254,2022,0.364166,1,9,0.172062,0.979021,-0.231511,0.179076,0.743211,94,0.319149,0.0332026,-0.00868652,0.152934,-0.0229216,6.67206,3.12753,-0.0925993,2.15919,53.0213,0.0425532,0.763845,0.8304,74,0.324324,0.0197689,-0.00892921,0.108696,-0.0229162,4.74321,2.27674,-0.0773072,1.46005,45.7162,0.027027,0.643958,1.0198,20,0.3,0.0829071,-0.00661074,0.329885,-0.0229406,14.3799,6.16283,-0.0925993,1.60493,80.05,0.1,0.763845,0.460663,,,
QQQ 1倍 | 站上150日线持有,趋势,QQQ 收盘站上150日线时持有1倍QQQ，否则持有现金（国债收益）。信号晚一天成交。,12.1167,-0.257858,2002,0.484934,10,28,0.0946617,0.619863,-0.571834,0.169374,0.16554,3.88233,-0.148506,2022,0.355128,2,9,0.167397,0.97008,-0.244916,0.176048,0.683484,111,0.414414,0.0268722,-0.00680516,0.105622,-0.0288584,3.66001,2.59016,-0.0925993,2.32891,45.2162,0.00900901,0.74259,0.798988,87,0.367816,0.015863,-0.00991012,0.091483,-0.0281341,3.25168,1.89189,-0.0795677,1.42904,38.023,0,0.477244,1.1888,24,0.583333,0.0667807,0.0120403,0.13794,-0.0328421,4.20009,5.88013,-0.0925993,1.93877,71.2917,0.0416667,0.74259,0.463326,,,
QQQ 1倍 | 站上100日线持有,趋势,QQQ 收盘站上100日线时持有1倍QQQ，否则持有现金（国债收益）。信号晚一天成交。,11.2178,-0.19275,2022,0.612623,10,28,0.0916069,0.618895,-0.479322,0.163543,0.191118,2.83305,-0.19275,2022,0.335577,2,9,0.126171,0.809999,-0.224907,0.16371,0.560993,161,0.42236,0.016893,-0.00643878,0.0699432,-0.0218963,3.19429,2.33561,-0.0860791,2.50375,29.7764,0.00621118,0.591168,0.970483,111,0.369369,0.0144406,-0.00967279,0.0764112,-0.0218564,3.49605,2.04769,-0.0722142,1.64348,28.3333,0.00900901,0.591168,1.20554,50,0.54,0.0223374,0.00263154,0.0601216,-0.0220179,2.73058,3.20546,-0.0860791,2.31622,32.98,0,0.28339,0.471118,,,
QQQ 2倍 | 50日线>200日线持有,趋势,QQQ 50日线>200日线时持有2倍QQQ，否则持有现金（国债收益）。信号晚一天成交。,73.3237,-0.378706,2008,0.964452,8,28,0.168497,0.607749,-0.632957,0.369283,0.266206,9.3085,-0.259718,2022,0.882069,2,9,0.289894,0.828885,-0.518951,0.410301,0.558615,17,0.529412,0.374988,0.218095,0.81334,-0.118159,6.88344,7.74387,-0.240784,2.75571,292.882,0.411765,1.35745,0.21294,13,0.384615,0.261173,-0.038836,0.868103,-0.118159,7.34691,4.59182,-0.240784,1.65242,261.923,0.307692,1.35745,0.399809,4,1,0.744886,0.859281,0.744886,0,inf,inf,0.218095,3.96367,393.5,0.75,1.04289,0.350016,,,
QQQ 3倍 | 50日线>200日线持有,趋势,QQQ 50日线>200日线时持有3倍QQQ，否则持有现金（国债收益）。信号晚一天成交。,120.813,-0.547125,2000,1.5552,9,28,0.189846,0.593626,-0.805687,0.553928,0.235632,14.62,-0.383478,2022,1.44316,3,9,0.358083,0.811155,-0.69679,0.615457,0.513904,17,0.529412,0.547942,0.121804,1.23111,-0.220618,5.58027,6.2778,-0.52439,2.47766,292.882,0.411765,2.33515,0.250686,13,0.384615,0.398866,-0.0794778,1.39004,-0.220618,6.30068,3.93792,-0.52439,1.5101,261.923,0.307692,2.33515,0.450343,4,1,1.03244,1.27006,1.03244,0,inf,inf,0.121804,3.27596,393.5,0.75,1.46783,0.355428,,,
QQQ 2倍 | 站上200日线持有,趋势,QQQ 收盘站上200日线时持有2倍QQQ，否则持有现金（国债收益）。信号晚一天成交。,29.3432,-0.414993,2000,0.701442,10,28,0.130335,0.533006,-0.733143,0.338177,0.177775,8.69719,-0.353497,2022,0.689836,1,9,0.279935,0.872237,-0.439723,0.358135,0.636617,94,0.308511,0.064104,-0.0192113,0.319671,-0.0499181,6.4039,2.85712,-0.240196,1.94507,53.0213,0.0638298,1.78559,0.933937,74,0.310811,0.0357626,-0.0192113,0.226684,-0.0503391,4.50314,2.03083,-0.240196,1.24256,45.7162,0.0540541,1.43473,1.20229,20,0.3,0.168967,-0.017654,0.676121,-0.0483847,13.9738,5.98879,-0.185083,1.5127,80.05,0.1,1.78559,0.528384,,,
QQQ 2倍 | 站上150日线持有,趋势,QQQ 收盘站上150日线时持有2倍QQQ，否则持有现金（国债收益）。信号晚一天成交。,28.5606,-0.473684,2002,1.07305,12,28,0.129227,0.529685,-0.855826,0.338731,0.150997,8.19883,-0.294159,2022,0.675997,2,9,0.271346,0.861912,-0.44932,0.352084,0.603902,111,0.396396,0.0495686,-0.0168959,0.213084,-0.0578148,3.68563,2.42041,-0.185083,2.05361,45.2162,0.0540541,1.72729,0.906019,87,0.344828,0.0275668,-0.0202568,0.187027,-0.0563596,3.31846,1.74656,-0.159449,1.24504,38.023,0.0574713,1.02935,1.35834,24,0.583333,0.129325,0.0130917,0.268921,-0.0661094,4.06782,5.69494,-0.185083,1.68518,71.2917,0.0416667,1.72729,0.556508,,,
QQQ 2倍 | 站上100日线持有,趋势,QQQ 收盘站上100日线时持有2倍QQQ，否则持有现金（国债收益）。信号晚一天成交。,26.1802,-0.45394,2000,1.40356,11,28,0.12567,0.526922,-0.784825,0.327079,0.160125,4.56017,-0.370558,2022,0.633398,2,9,0.18903,0.695618,-0.431028,0.327411,0.438557,161,0.409938,0.0297702,-0.0149011,0.137986,-0.045411,3.03859,2.11102,-0.169779,2.19432,29.7764,0.0310559,1.13468,1.11808,111,0.36036,0.026257,-0.0221504,0.15397,-0.0456943,3.36958,1.89835,-0.144542,1.46977,28.3333,0.036036,1.13468,1.36124,50,0.52,0.0375695,0.00488336,0.113393,-0.0445731,2.54399,2.75599,-0.169779,2.02869,32.98,0.02,0.576737,0.544888,,,
SPY 买入持有,基准,SPY买入持有（复权）。,9.6874,-0.36795,2008,0.323078,6,28,0.085817,0.525865,-0.551894,0.191888,0.155495,3.28814,-0.181754,2022,0.312239,2,9,0.145478,0.812667,-0.337173,0.189813,0.431464,,,,,,,,,,,,,,,,,,,,,,,,,,,,,,,,,,,,,,,,,,,,,
QQQ 3倍 | 站上200日线持有,趋势,QQQ 收盘站上200日线时持有3倍QQQ，否则持有现金（国债收益）。信号晚一天成交。,41.5101,-0.668441,2000,1.17759,10,28,0.14464,0.523119,-0.890514,0.507254,0.162423,15.3459,-0.48913,2022,0.94607,2,9,0.365613,0.855415,-0.596109,0.537143,0.613332,94,0.308511,0.103765,-0.031251,0.510564,-0.0777293,6.56849,2.93056,-0.470243,1.88336,53.0213,0.0851064,3.11563,0.977434,74,0.310811,0.0574715,-0.031251,0.359794,-0.07887,4.56186,2.05731,-0.470243,1.19657,45.7162,0.0675676,2.52003,1.24953,20,0.3,0.275053,-0.0296571,1.08852,-0.0735741,14.7948,6.34065,-0.276622,1.46859,80.05,0.15,3.11563,0.566369,,,
QQQ 3倍 | 站上100日线持有,趋势,QQQ 收盘站上100日线时持有3倍QQQ，否则持有现金（国债收益）。信号晚一天成交。,40.5419,-0.669323,2000,2.48201,12,28,0.143661,0.521548,-0.919587,0.490594,0.156223,6.44919,-0.511884,2022,0.971958,2,9,0.236997,0.683829,-0.589601,0.491129,0.401962,161,0.409938,0.0437859,-0.0219796,0.206383,-0.0691765,2.98343,2.0727,-0.250149,2.11683,29.7764,0.0496894,1.58933,1.17203,111,0.36036,0.0397095,-0.0324074,0.23405,-0.0697778,3.35421,1.8897,-0.241444,1.45018,28.3333,0.0540541,1.58933,1.39454,50,0.52,0.0528355,0.00805354,0.16382,-0.0673976,2.43065,2.6332,-0.250149,1.91729,32.98,0.04,0.879346,0.582501,,,
QQQ 3倍 | 站上150日线持有,趋势,QQQ 收盘站上150日线时持有3倍QQQ，否则持有现金（国债收益）。信号晚一天成交。,40.5093,-0.631825,2002,1.8453,12,28,0.143628,0.521087,-0.955919,0.508049,0.150251,14.3015,-0.415225,2022,1.03623,2,9,0.354674,0.845606,-0.611641,0.528073,0.579873,111,0.378378,0.0758173,-0.0285813,0.339381,-0.0846128,4.01099,2.44147,-0.276622,1.93957,45.2162,0.0810811,3.0037,0.957863,87,0.321839,0.0408497,-0.0296621,0.300388,-0.082321,3.64898,1.73172,-0.236505,1.19446,38.023,0.0689655,1.74517,1.42305,24,0.583333,0.202575,0.0136639,0.417367,-0.0981345,4.25301,5.95422,-0.276622,1.55119,71.2917,0.125,3.0037,0.617817,,,
QQQ 1倍 买入持有,基准,持有1倍QQQ（日杠杆，已扣融资和费用）不动。,17.3927,-0.417272,2008,0.789474,6,28,0.109102,0.520135,-0.829639,0.268814,0.131506,4.98716,-0.32577,2022,0.548556,2,9,0.201236,0.893031,-0.351187,0.237535,0.573018,,,,,,,,,,,,,,,,,,,,,,,,,,,,,,,,,,,,,,,,,,,,,
QQQ 2倍 | RSI2<10 超卖反弹,超卖,QQQ收盘>200日线且RSI(2)<10时买入2倍QQQ，收盘>5日线卖出，最多10天；其余时间持有现金。,6.80177,-0.126673,2008,0.327307,7,28,0.0719836,0.500072,-0.330608,0.167183,0.217731,1.9243,-0.051859,2020,0.286957,3,9,0.077549,0.521901,-0.25505,0.171875,0.304054,212,0.65566,0.00756907,0.0106286,0.0291932,-0.0336056,0.8687,1.6541,-0.141925,2.72978,3.6934,0,0.0992985,0.476102,140,0.642857,0.0080208,0.0100735,0.0316748,-0.0345563,0.916612,1.6499,-0.141925,2.21472,3.74286,0,0.0992985,0.496062,72,0.680556,0.00669071,0.0106286,0.0246352,-0.0315388,0.781106,1.6641,-0.123862,1.60719,3.59722,0,0.0720466,0.409561,,,
QQQ 2倍 | RSI2<5 超卖反弹,超卖,QQQ收盘>200日线且RSI(2)<5时买入2倍QQQ，收盘>5日线卖出，最多10天；其余时间持有现金。,4.65362,-0.101078,2008,0.227505,5,28,0.0573332,0.493284,-0.265076,0.130327,0.21629,1.49232,-0.0945975,2018,0.19881,3,9,0.046739,0.408932,-0.173654,0.134144,0.269149,109,0.669725,0.0107387,0.0184185,0.0365477,-0.0415962,0.878631,1.78167,-0.175952,2.10079,3.48624,0,0.292139,0.535446,70,0.671429,0.013583,0.0210223,0.0404322,-0.0412828,0.979396,2.00137,-0.175952,1.94779,3.54286,0,0.292139,0.495055,39,0.666667,0.0056336,0.0127219,0.0295257,-0.0421506,0.700481,1.40096,-0.123862,0.813154,3.38462,0,0.0772166,0.351448,,,
QQQ 3倍 | RSI2<10 超卖反弹,超卖,QQQ收盘>200日线且RSI(2)<10时买入3倍QQQ，收盘>5日线卖出，最多10天；其余时间持有现金。,12.5323,-0.192685,2008,0.530906,7,28,0.0960009,0.491822,-0.471226,0.250752,0.203726,2.324,-0.089698,2020,0.426,3,9,0.101005,0.503988,-0.384762,0.257742,0.262513,212,0.646226,0.011554,0.0157247,0.0447785,-0.0491362,0.911314,1.66467,-0.218603,2.76968,3.6934,0,0.149792,0.469413,140,0.642857,0.0123389,0.0159911,0.0479424,-0.0517472,0.926473,1.66765,-0.218603,2.26821,3.74286,0,0.149792,0.486076,72,0.652778,0.0100276,0.0157247,0.0387201,-0.0439143,0.881721,1.65764,-0.183026,1.59402,3.59722,0,0.109463,0.416099,,,
QQQ 3倍 | RSI2<5 超卖反弹,超卖,QQQ收盘>200日线且RSI(2)<5时买入3倍QQQ，收盘>5日线卖出，最多10天；其余时间持有现金。,7.15894,-0.156955,2008,0.35744,5,28,0.0739746,0.462701,-0.381592,0.195549,0.193858,1.59175,-0.156105,2018,0.295956,3,9,0.0544719,0.366055,-0.260464,0.201246,0.209134,109,0.669725,0.0165544,0.0280275,0.0556972,-0.0628184,0.886638,1.7979,-0.264503,2.13335,3.48624,0,0.448029,0.52997,70,0.671429,0.0210204,0.0323765,0.0616421,-0.0619891,0.994401,2.03204,-0.264503,1.9851,3.54286,0,0.448029,0.488454,39,0.666667,0.00853855,0.0195526,0.0449506,-0.0642856,0.699233,1.39847,-0.183026,0.81326,3.38462,0,0.117318,0.352302,,,
QQQ 2倍 买入持有,基准,持有2倍QQQ（日杠杆，已扣融资和费用）不动。,15.9785,-0.727999,2000,1.81093,8,28,0.105697,0.45583,-0.988379,0.537636,0.10694,10.5694,-0.604146,2022,1.178,2,9,0.308728,0.806898,-0.635131,0.475062,0.486086,,,,,,,,,,,,,,,,,,,,,,,,,,,,,,,,,,,,,,,,,,,,,
QQQ 3倍 买入持有,基准,持有3倍QQQ（日杠杆，已扣融资和费用）不动。,2.5348,-0.916724,2000,3.10915,8,28,0.034298,0.446175,-0.99978,0.80646,0.0343055,14.6352,-0.788899,2022,1.99614,2,9,0.358244,0.791517,-0.81459,0.71259,0.439785,,,,,,,,,,,,,,,,,,,,,,,,,,,,,,,,,,,,,,,,,,,,,
