strategy,period,cagr,mdd,sharpe,win,trades
QQQ 1倍 买入持有,训练 1999–2009,-0.00749537,-0.829639,0.149284,,0
QQQ 1倍 买入持有,验证 2010–2017,0.176638,-0.161044,1.06567,,0
QQQ 1倍 买入持有,测试 2018 至今,0.201236,-0.351187,0.893031,,0
QQQ 1倍 买入持有,训练+验证 1999–2017,0.0676927,-0.829639,0.37304,,0
QQQ 1倍 | 站上100日线持有,训练 1999–2009,0.0817458,-0.479322,0.515863,0.333333,63
QQQ 1倍 | 站上100日线持有,验证 2010–2017,0.0639238,-0.202455,0.553016,0.416667,48
QQQ 1倍 | 站上100日线持有,测试 2018 至今,0.126171,-0.224907,0.809999,0.54,50
QQQ 1倍 | 站上100日线持有,训练+验证 1999–2017,0.0749254,-0.479322,0.524323,0.369369,111
QQQ 1倍 | 站上150日线持有,训练 1999–2009,0.048765,-0.571834,0.349073,0.357143,56
QQQ 1倍 | 站上150日线持有,验证 2010–2017,0.0768964,-0.231635,0.618443,0.387097,31
QQQ 1倍 | 站上150日线持有,测试 2018 至今,0.167397,-0.244916,0.97008,0.583333,24
QQQ 1倍 | 站上150日线持有,训练+验证 1999–2017,0.0614071,-0.571834,0.442188,0.367816,87
QQQ 1倍 | 站上200日线持有,训练 1999–2009,0.0423893,-0.419342,0.321284,0.295455,44
QQQ 1倍 | 站上200日线持有,验证 2010–2017,0.0826581,-0.25741,0.634026,0.366667,30
QQQ 1倍 | 站上200日线持有,测试 2018 至今,0.172062,-0.231511,0.979021,0.3,20
QQQ 1倍 | 站上200日线持有,训练+验证 1999–2017,0.0600914,-0.419342,0.437936,0.324324,74
QQQ 1倍 | 50日线>200日线持有,训练 1999–2009,0.057681,-0.36465,0.39019,0.5,8
QQQ 1倍 | 50日线>200日线持有,验证 2010–2017,0.123747,-0.204816,0.852225,0.8,5
QQQ 1倍 | 50日线>200日线持有,测试 2018 至今,0.182521,-0.285594,0.922272,1,4
QQQ 1倍 | 50日线>200日线持有,训练+验证 1999–2017,0.0860427,-0.36465,0.561319,0.615385,13
QQQ 1倍 | RSI2<10 超卖反弹,训练 1999–2009,0.0509536,-0.170997,0.635815,0.578125,64
QQQ 1倍 | RSI2<10 超卖反弹,验证 2010–2017,0.0403846,-0.126824,0.531575,0.710526,76
QQQ 1倍 | RSI2<10 超卖反弹,测试 2018 至今,0.0566236,-0.104344,0.685426,0.708333,72
QQQ 1倍 | RSI2<10 超卖反弹,训练+验证 1999–2017,0.0464237,-0.170997,0.592374,0.65,140
QQQ 1倍 | RSI2<5 超卖反弹,训练 1999–2009,0.0487745,-0.11075,0.770929,0.588235,34
QQQ 1倍 | RSI2<5 超卖反弹,验证 2010–2017,0.0330539,-0.13604,0.54017,0.75,36
QQQ 1倍 | RSI2<5 超卖反弹,测试 2018 至今,0.0394786,-0.0801161,0.612245,0.692308,39
QQQ 1倍 | RSI2<5 超卖反弹,训练+验证 1999–2017,0.0420431,-0.13604,0.673278,0.671429,70
QQQ 2倍 买入持有,训练 1999–2009,-0.160772,-0.988379,0.0870442,,0
QQQ 2倍 买入持有,验证 2010–2017,0.324744,-0.308788,1.01591,,0
QQQ 2倍 买入持有,测试 2018 至今,0.308728,-0.635131,0.806898,,0
QQQ 2倍 买入持有,训练+验证 1999–2017,0.0203535,-0.988379,0.317019,,0
QQQ 2倍 | 站上100日线持有,训练 1999–2009,0.0901091,-0.784825,0.418301,0.333333,63
QQQ 2倍 | 站上100日线持有,验证 2010–2017,0.098727,-0.381335,0.499239,0.395833,48
QQQ 2倍 | 站上100日线持有,测试 2018 至今,0.18903,-0.431028,0.695618,0.52,50
QQQ 2倍 | 站上100日线持有,训练+验证 1999–2017,0.0953811,-0.784825,0.442777,0.36036,111
QQQ 2倍 | 站上150日线持有,训练 1999–2009,0.0246304,-0.855826,0.251418,0.321429,56
QQQ 2倍 | 站上150日线持有,验证 2010–2017,0.122393,-0.418789,0.564653,0.387097,31
QQQ 2倍 | 站上150日线持有,测试 2018 至今,0.271346,-0.44932,0.861912,0.583333,24
QQQ 2倍 | 站上150日线持有,训练+验证 1999–2017,0.0666644,-0.855826,0.360791,0.344828,87
QQQ 2倍 | 站上200日线持有,训练 1999–2009,0.0152305,-0.733143,0.221595,0.272727,44
QQQ 2倍 | 站上200日线持有,验证 2010–2017,0.131947,-0.463882,0.581452,0.366667,30
QQQ 2倍 | 站上200日线持有,测试 2018 至今,0.279935,-0.439723,0.872237,0.3,20
QQQ 2倍 | 站上200日线持有,训练+验证 1999–2017,0.0648524,-0.733143,0.356113,0.310811,74
QQQ 2倍 | 50日线>200日线持有,训练 1999–2009,0.0413705,-0.632957,0.296318,0.25,8
QQQ 2倍 | 50日线>200日线持有,验证 2010–2017,0.216182,-0.393589,0.802852,0.6,5
QQQ 2倍 | 50日线>200日线持有,测试 2018 至今,0.289894,-0.518951,0.828885,1,4
QQQ 2倍 | 50日线>200日线持有,训练+验证 1999–2017,0.113961,-0.632957,0.484348,0.384615,13
QQQ 2倍 | RSI2<10 超卖反弹,训练 1999–2009,0.0649275,-0.330608,0.459289,0.578125,64
QQQ 2倍 | RSI2<10 超卖反弹,验证 2010–2017,0.0710703,-0.24848,0.506715,0.697368,76
QQQ 2倍 | RSI2<10 超卖反弹,测试 2018 至今,0.077549,-0.25505,0.521901,0.680556,72
QQQ 2倍 | RSI2<10 超卖反弹,训练+验证 1999–2017,0.0674919,-0.330608,0.478914,0.642857,140
QQQ 2倍 | RSI2<5 超卖反弹,训练 1999–2009,0.0642958,-0.221787,0.546552,0.588235,34
QQQ 2倍 | RSI2<5 超卖反弹,验证 2010–2017,0.0597804,-0.265076,0.517779,0.75,36
QQQ 2倍 | RSI2<5 超卖反弹,测试 2018 至今,0.046739,-0.173654,0.408932,0.666667,39
QQQ 2倍 | RSI2<5 超卖反弹,训练+验证 1999–2017,0.0623382,-0.265076,0.534375,0.671429,70
QQQ 3倍 买入持有,训练 1999–2009,-0.363965,-0.99978,0.0755065,,0
QQQ 3倍 买入持有,验证 2010–2017,0.464352,-0.446327,1.01844,,0
QQQ 3倍 买入持有,测试 2018 至今,0.358244,-0.81459,0.791517,,0
QQQ 3倍 买入持有,训练+验证 1999–2017,-0.0914867,-0.99978,0.309567,,0
QQQ 3倍 | 站上100日线持有,训练 1999–2009,0.0725419,-0.919587,0.405572,0.333333,63
QQQ 3倍 | 站上100日线持有,验证 2010–2017,0.131629,-0.524335,0.517268,0.395833,48
QQQ 3倍 | 站上100日线持有,测试 2018 至今,0.236997,-0.589601,0.683829,0.52,50
QQQ 3倍 | 站上100日线持有,训练+验证 1999–2017,0.0997007,-0.919587,0.440383,0.36036,111
QQQ 3倍 | 站上150日线持有,训练 1999–2009,-0.0232351,-0.955919,0.237539,0.285714,56
QQQ 3倍 | 站上150日线持有,验证 2010–2017,0.16239,-0.563001,0.576643,0.387097,31
QQQ 3倍 | 站上150日线持有,测试 2018 至今,0.354674,-0.611641,0.845606,0.583333,24
QQQ 3倍 | 站上150日线持有,训练+验证 1999–2017,0.0540576,-0.955919,0.355986,0.321839,87
QQQ 3倍 | 站上200日线持有,训练 1999–2009,-0.0344364,-0.890514,0.204928,0.272727,44
QQQ 3倍 | 站上200日线持有,验证 2010–2017,0.173895,-0.614902,0.592722,0.366667,30
QQQ 3倍 | 站上200日线持有,测试 2018 至今,0.365613,-0.596109,0.855415,0.3,20
QQQ 3倍 | 站上200日线持有,训练+验证 1999–2017,0.0514783,-0.890514,0.349748,0.310811,74
QQQ 3倍 | 50日线>200日线持有,训练 1999–2009,-0.00588567,-0.805687,0.274723,0.25,8
QQQ 3倍 | 50日线>200日线持有,验证 2010–2017,0.297899,-0.548858,0.806484,0.6,5
QQQ 3倍 | 50日线>200日线持有,测试 2018 至今,0.358083,-0.69679,0.811155,1,4
QQQ 3倍 | 50日线>200日线持有,训练+验证 1999–2017,0.115809,-0.805687,0.47213,0.384615,13
QQQ 3倍 | RSI2<10 超卖反弹,训练 1999–2009,0.0787982,-0.471226,0.427409,0.578125,64
QQQ 3倍 | RSI2<10 超卖反弹,验证 2010–2017,0.107324,-0.353983,0.542917,0.697368,76
QQQ 3倍 | RSI2<10 超卖反弹,测试 2018 至今,0.101005,-0.384762,0.503988,0.652778,72
QQQ 3倍 | RSI2<10 超卖反弹,训练+验证 1999–2017,0.0907691,-0.471226,0.475344,0.642857,140
QQQ 3倍 | RSI2<5 超卖反弹,训练 1999–2009,0.0796295,-0.326416,0.489986,0.588235,34
QQQ 3倍 | RSI2<5 超卖反弹,验证 2010–2017,0.0882385,-0.381592,0.536723,0.75,36
QQQ 3倍 | RSI2<5 超卖反弹,测试 2018 至今,0.0544719,-0.260464,0.366055,0.666667,39
QQQ 3倍 | RSI2<5 超卖反弹,训练+验证 1999–2017,0.0832276,-0.381592,0.50975,0.671429,70
SPY 买入持有,训练 1999–2009,0.00349555,-0.551894,0.126068,,0
SPY 买入持有,验证 2010–2017,0.136116,-0.186055,0.945795,,0
SPY 买入持有,测试 2018 至今,0.145478,-0.337173,0.812667,,0
SPY 买入持有,训练+验证 1999–2017,0.0587353,-0.551894,0.392627,,0
