date,SPY RSI2<10 超卖 | 收盘>SMA5出场,ETF RSI2<10 超卖 | 收盘>SMA5出场,ETF 双动量 Top3,行业ETF轮动 Top3 + SPY>200日线,SPY 200日线择时,ETF 趋势组合 (每只>200日线),SPY 买入持有,QQQ 买入持有
2003-06-06,1,1,1,1,1,1,,
2003-06-13,1,1,1,1,1,1,,
2003-06-20,1,1,1,1,1,1,,
2003-06-27,1,1,1,1,1,1,,
2003-07-04,1,1,1,1,1,1,,
2003-07-11,1,1,1,1,1,1,,
2003-07-18,1,1,1,1,1,1,,
2003-07-25,1,1,1,1,1,1,,
2003-08-01,1,1,1,1,1,1,,
2003-08-08,1,1,1,1,1,1,,
2003-08-15,1,1,1,1,1,1,,
2003-08-22,1,1,1,1,1,1,,
2003-08-29,1,1,1,1,1,1,,
2003-09-05,1,1,1,1,1,1,,
2003-09-12,1,1,1,1,1,1,,
2003-09-19,1,1,1,1,1,1,,
2003-09-26,1,1,1,1,1,1,,
2003-10-03,1,1,1,1,1,1,,
2003-10-10,1,1,1,1,1,1,,
2003-10-17,1,1,1,1,1,1,,
2003-10-24,1,1,1,1,1,1,,
2003-10-31,1,1,1,1,1,1,,
2003-11-07,1,1,1,1,1,1,,
2003-11-14,1,1,1,1,1,1,,
2003-11-21,1,1,1,1,1,1,,
2003-11-28,1,1,1,1,1,1,,
2003-12-05,1,1,1,1,1,1,,
2003-12-12,1,1,1,1,1,1,,
2003-12-19,1,1,1,1,1,1,,
2003-12-26,1,1,1,1,1,1,,
2004-01-02,1,1,1,1,1,1,1,1
2004-01-09,1,1,1,1,1,1,1.01043,1.03768
2004-01-16,1,1,1,1,1,1,1.02697,1.06078
2004-01-23,1,1,1,1,1,1,1.02877,1.04538
2004-01-30,1,1,1,1,1,1,1.02023,1.01953
2004-02-06,1,1,1,1,1,1,1.02895,1.02118
2004-02-13,1,1,1,1,1,1,1.03506,1.01595
2004-02-20,1,1,1,1,1,1,1.03282,1.01375
2004-02-27,1,1,1,1,1,1,1.03407,1.00578
2004-03-05,1,1,1,1,1,1,1.0463,1.00743
2004-03-12,1,1,1,1,1,1,1.01214,0.976623
2004-03-19,1,1,1,1,1.00506,1.00269,1.00197,0.955721
2004-03-26,1.00109,1.01257,1,1,0.992098,0.993017,1.0017,0.968647
2004-04-02,1.00109,1.01004,1,1,1.02652,1.02094,1.03427,1.02035
2004-04-09,1.00109,1.01011,1,1,1.03189,1.02478,1.03183,1.01595
2004-04-16,1.00109,1.0025,1,1,1.01374,1.0042,1.02696,0.992574
2004-04-23,1.00109,1.01067,1,1,1.02303,1.01357,1.03174,1.02338
2004-04-30,0.998828,0.98209,1,1,1.00292,0.987037,1.00107,0.956271
2004-05-07,1.00131,1.00333,1,1,0.994422,0.979101,0.992048,0.961771
2004-05-14,1.0017,1.00944,1,1,0.983067,0.958198,0.99277,0.955721
2004-05-21,1.0017,1.01126,1,1,0.983247,0.957178,0.990695,0.963146
2004-05-28,1.0017,1.01557,1,1,1.00792,0.97597,1.01821,1.00523
2004-06-04,1.0017,1.01463,1,1,1.01016,0.975394,1.01929,0.995325
2004-06-11,1.0017,1.01849,1,1,1.01964,0.97912,1.03165,1.0132
2004-06-18,1.0017,1.01754,1,1,1.01645,0.978196,1.0289,1.0022
2004-06-25,1.0017,1.01775,1,1,1.02668,0.987329,1.0308,1.02668
2004-07-02,1.0017,1.01961,0.991628,1,1.01546,0.980735,1.02211,1.01265
2004-07-09,1.00146,1.00962,0.978393,1,1.00254,0.972004,1.0117,0.983224
2004-07-16,0.998873,0.999771,0.967651,1,1.00119,0.975545,1.00246,0.95352
2004-07-23,1.00076,0.991643,0.940165,1,0.980871,0.962847,0.986614,0.940869
2004-07-30,1.00076,0.995599,0.954212,1,0.980871,0.9613,1.00364,0.959571
2004-08-06,1.00076,0.992108,0.924659,1,0.97607,0.958696,0.967509,0.89989
2004-08-13,1.00076,0.998631,0.926308,1,0.97607,0.957,0.970587,0.89439
2004-08-20,1.00076,0.999299,0.947732,1,0.97607,0.960579,1.00038,0.935368
2004-08-27,1.00076,0.999299,0.955459,1,0.977693,0.964318,1.00916,0.950495
2004-09-03,1.00076,0.999299,0.970807,1,0.984064,0.969839,1.01523,0.938944
2004-09-10,1.00076,1.00086,0.980589,1,0.985729,0.972041,1.02374,0.965897
2004-09-17,1.00076,1.00145,0.99184,1,0.993614,0.97864,1.02882,0.974422
2004-09-24,1.00076,1.00446,0.992247,1,0.977956,0.973174,1.01345,0.957096
2004-10-01,1.00076,1.00913,1.017,1,0.980537,0.979459,1.03337,0.992849
2004-10-08,1.00076,1.01152,1.01879,1,0.98831,0.987479,1.023,0.978548
2004-10-15,1.00076,1.01129,0.997458,1,0.974983,0.976396,1.01163,0.979923
2004-10-22,1.00076,1.01512,0.990033,1,0.959741,0.979039,1.00009,0.984599
2004-10-29,1.00076,1.01672,1.00794,1,0.962154,0.982923,1.02927,1.01485
2004-11-05,1.00076,1.0159,1.03317,1.02143,0.995581,1.00654,1.06637,1.044
2004-11-12,1.00076,1.01687,1.05598,1.04398,1.00341,1.0144,1.0801,1.06326
2004-11-19,1.00076,1.01685,1.05097,1.03903,1.01261,1.02409,1.07081,1.06381
2004-11-26,1.00076,1.02521,1.08297,1.07067,1.01099,1.02735,1.07929,1.07838
2004-12-03,1.00076,1.02684,1.05243,1.03675,1.01781,1.02742,1.0875,1.10369
2004-12-10,1.00176,1.03778,1.03451,1.02798,1.01448,1.02217,1.08823,1.09818
2004-12-17,1.00176,1.04014,1.06049,1.04824,1.02391,1.03287,1.09438,1.09593
2004-12-24,1.00176,1.0419,1.08177,1.06577,1.03599,1.04306,1.10656,1.10398
2004-12-31,1.00176,1.04425,1.08358,1.06082,1.03968,1.04796,1.10748,1.10843
2005-01-07,0.998305,1.01576,1.04025,1.02478,1.01971,1.02698,1.08521,1.07039
2005-01-14,0.998539,1.01584,1.07028,1.0478,1.01113,1.02432,1.08338,1.06705
2005-01-21,0.998539,1.01541,1.06356,1.04182,1.00959,1.02372,1.07,1.02874
2005-01-28,0.998818,1.01783,1.08738,1.05606,1.00702,1.02478,1.07596,1.02513
2005-02-04,0.998818,1.01783,1.13231,1.09263,1.01996,1.03973,1.10161,1.04817
2005-02-11,0.998818,1.01783,1.15173,1.10481,1.02596,1.04361,1.10656,1.04678
2005-02-18,0.998818,1.01422,1.17313,1.11835,1.03059,1.04942,1.10308,1.03707
2005-02-25,1.00087,1.01827,1.21057,1.13852,1.03085,1.05256,1.11261,1.04456
2005-03-04,1.00087,1.01647,1.22213,1.15623,1.0461,1.06311,1.12452,1.04179
2005-03-11,1.00087,1.01169,1.18758,1.12516,1.03976,1.05548,1.10308,1.03207
2005-03-18,1.00087,1.00818,1.18893,1.13085,1.02491,1.04863,1.09039,1.01374
2005-03-25,0.998687,0.987805,1.14919,1.10299,1.01072,1.03366,1.07752,1.00708
2005-04-01,0.998588,0.993415,1.18016,1.12307,1.02078,1.04063,1.08018,1.00513
2005-04-08,0.998588,0.993415,1.18019,1.11421,1.02543,1.0423,1.08543,1.01735
2005-04-15,0.995746,0.966354,1.12226,1.0522,0.995917,1.02195,1.05001,0.964597
2005-04-22,0.998389,0.991306,1.16088,1.08804,0.975489,1.02058,1.06307,0.974315
2005-04-29,0.998389,0.99264,1.15312,1.07855,0.969358,1.01222,1.06473,0.971261
2005-05-06,0.998389,0.996256,1.17025,1.08129,0.983907,1.02184,1.07706,0.995695
2005-05-13,0.998389,0.992217,1.12263,1.05207,0.970308,1.01268,1.06445,1.00625
2005-05-20,0.998389,1.00875,1.15241,1.07247,0.99567,1.01773,1.09573,1.04567
2005-05-27,0.998389,1.00875,1.18133,1.09445,1.00168,1.03112,1.10612,1.06095
2005-06-03,0.998389,1.01028,1.19387,1.10261,1.00577,1.03982,1.1052,1.05789
2005-06-10,0.998389,1.01159,1.21027,1.11275,1.00585,1.0393,1.10566,1.04262
2005-06-17,0.998389,1.01166,1.25222,1.1453,1.01812,1.04925,1.12084,1.05248
2005-06-24,0.996791,1.00323,1.23643,1.13397,1.00421,1.04205,1.09886,1.02746
2005-07-01,0.999005,1.01193,1.25286,1.14452,1.00061,1.03964,1.10394,1.02079
2005-07-08,0.999005,1.01552,1.26749,1.15629,1.00497,1.04114,1.12047,1.0497
2005-07-15,0.999005,1.01467,1.27103,1.15229,1.02859,1.05365,1.13451,1.08082
2005-07-22,0.999005,1.01782,1.29427,1.16551,1.02934,1.05661,1.14097,1.09555
2005-07-29,0.999005,1.01782,1.30858,1.17693,1.04216,1.07095,1.14282,1.1
2005-08-05,0.999005,1.01751,1.31135,1.17565,1.03412,1.06314,1.13488,1.09722
2005-08-12,0.999145,1.02133,1.33468,1.19072,1.03512,1.06065,1.13654,1.08972
2005-08-19,0.999145,1.01763,1.30087,1.16879,1.02725,1.05188,1.13109,1.07888
2005-08-26,0.998075,1.01346,1.30585,1.16885,1.01762,1.05194,1.1153,1.06887
2005-09-02,0.998781,1.01911,1.36279,1.20979,1.02909,1.0617,1.12924,1.07749
2005-09-09,0.998781,1.01925,1.39736,1.23977,1.0373,1.06725,1.15076,1.10111
2005-09-16,0.998781,1.02079,1.40208,1.23803,1.03726,1.06663,1.14546,1.095
2005-09-23,0.99949,1.02417,1.3917,1.22211,1.01993,1.05672,1.12635,1.07693
2005-09-30,0.999522,1.02604,1.42837,1.24081,1.03154,1.06834,1.14119,1.09667
2005-10-07,0.999139,1.01537,1.35047,1.18002,1.00697,1.04407,1.10938,1.06554
2005-10-14,0.99757,1.01044,1.30202,1.14956,0.999664,1.02957,1.10066,1.05776
2005-10-21,0.997688,1.01063,1.26983,1.12865,0.989125,1.02097,1.09565,1.07138
2005-10-28,0.997688,1.01302,1.30499,1.15534,0.977488,1.02275,1.11114,1.06498
2005-11-04,0.997688,1.0108,1.33471,1.18574,0.993641,1.04238,1.13257,1.1139
2005-11-11,0.997688,1.0164,1.31733,1.18697,1.00135,1.04544,1.14787,1.13141
2005-11-18,0.997688,1.01773,1.34706,1.20831,1.01523,1.05939,1.16058,1.15197
2005-11-25,0.997688,1.01773,1.37759,1.23949,1.03082,1.07187,1.17913,1.1642
2005-12-02,0.998675,1.02105,1.38065,1.2412,1.02912,1.07297,1.17653,1.17031
2005-12-09,0.998675,1.02363,1.39756,1.24507,1.02416,1.07421,1.17171,1.15948
2005-12-16,0.998675,1.02034,1.40273,1.24131,1.03873,1.08362,1.1782,1.15837
2005-12-23,0.998675,1.02783,1.41108,1.25544,1.03465,1.08181,1.18193,1.15336
2005-12-30,0.998675,1.02454,1.3917,1.23774,1.0185,1.07277,1.16095,1.12578
2006-01-06,1.00114,1.04882,1.46548,1.28776,1.04477,1.10113,1.19759,1.18902
2006-01-13,1.00114,1.05247,1.47327,1.28546,1.04926,1.10552,1.19983,1.19737
2006-01-20,0.997663,1.04127,1.49084,1.27928,1.0469,1.113,1.17456,1.14918
2006-01-27,1.0002,1.04963,1.52829,1.3127,1.04184,1.11442,1.19853,1.17314
2006-02-03,1.0002,1.04669,1.48722,1.28575,1.03302,1.1062,1.17736,1.13998
2006-02-10,1.0002,1.04589,1.46244,1.26747,1.0318,1.10043,1.18081,1.1411
2006-02-17,1.0002,1.05437,1.49301,1.28843,1.05318,1.11452,1.20104,1.14806
2006-02-24,1.0002,1.05437,1.49913,1.30047,1.05367,1.1185,1.20664,1.14946
2006-03-03,1.0002,1.05701,1.50797,1.28887,1.05008,1.11502,1.20058,1.15475
2006-03-10,1.0002,1.06139,1.44336,1.28596,1.04224,1.10078,1.19899,1.12996
2006-03-17,1.0002,1.0647,1.49687,1.3225,1.07072,1.13063,1.22276,1.15556
2006-03-24,1.0002,1.06768,1.50186,1.31624,1.06507,1.12497,1.21893,1.15138
2006-03-31,1.00108,1.06117,1.53327,1.31763,1.06532,1.13301,1.21537,1.16894
2006-04-07,1.00108,1.06007,1.53044,1.32502,1.07384,1.14109,1.21265,1.17981
2006-04-14,1.00089,1.05538,1.52534,1.32438,1.0536,1.12864,1.20488,1.17368
2006-04-21,1.00396,1.06428,1.60418,1.36599,1.079,1.15215,1.22772,1.17089
2006-04-28,1.00396,1.06568,1.6104,1.36057,1.07162,1.14456,1.23072,1.16671
2006-05-05,1.00396,1.08142,1.66205,1.40046,1.08195,1.16047,1.24055,1.17535
2006-05-12,1.00214,1.06347,1.58366,1.36242,1.0681,1.15135,1.20984,1.12043
2006-05-19,0.99884,1.03679,1.51978,1.30851,1.03951,1.11908,1.18981,1.09702
2006-05-26,0.996558,1.02293,1.52143,1.32252,1.04885,1.1251,1.20179,1.10092
2006-06-02,0.996558,1.02413,1.54056,1.33857,1.05901,1.13067,1.2076,1.1051
2006-06-09,0.996093,1.00823,1.43117,1.25922,1.03533,1.10636,1.17343,1.06356
2006-06-16,0.996777,1.00487,1.42217,1.27261,1.03088,1.09403,1.17203,1.06958
2006-06-23,0.996777,1.00208,1.42083,1.27939,1.03075,1.0893,1.17006,1.06428
2006-06-30,0.996777,1.00208,1.51181,1.32952,1.03075,1.10565,1.19676,1.08157
2006-07-07,0.996777,1.00208,1.51517,1.31666,1.02741,1.10707,1.19046,1.05144
2006-07-14,0.996777,0.993142,1.50284,1.29462,1.00269,1.09694,1.16141,1.00262
2006-07-21,0.996777,1.01308,1.47468,1.25458,0.993981,1.09099,1.16545,0.995929
2006-07-28,0.996777,1.0201,1.55008,1.29435,1.00134,1.09708,1.20334,1.03526
2006-08-04,0.996777,1.0201,1.55182,1.30458,1.01742,1.10756,1.20541,1.0308
2006-08-11,0.997354,1.02319,1.53097,1.29538,1.00237,1.09934,1.19422,1.01908
2006-08-18,1.00089,1.03602,1.55065,1.31971,1.02617,1.10539,1.22883,1.08213
2006-08-25,1.00089,1.03447,1.53742,1.31614,1.02184,1.10501,1.22055,1.06902
2006-09-01,1.00089,1.04406,1.5633,1.33221,1.03366,1.11071,1.23569,1.09022
2006-09-08,1.00089,1.04549,1.52474,1.32361,1.02531,1.10075,1.22497,1.08018
2006-09-15,1.00089,1.0477,1.50293,1.33368,1.04747,1.10777,1.24622,1.1196
2006-09-22,1.00089,1.04664,1.50229,1.33068,1.0424,1.10366,1.2416,1.1129
2006-09-29,1.00089,1.04654,1.52801,1.33991,1.05927,1.11191,1.26152,1.13467
2006-10-06,1.00089,1.05951,1.52224,1.34657,1.06837,1.11412,1.27503,1.15589
2006-10-13,1.00089,1.05782,1.55997,1.35565,1.07795,1.1223,1.29033,1.18436
2006-10-20,1.00089,1.06118,1.5607,1.36908,1.08333,1.12753,1.29231,1.17236
2006-10-27,1.00089,1.06619,1.58228,1.38311,1.09735,1.13815,1.30242,1.17822
2006-11-03,1.00083,1.06537,1.58647,1.36818,1.08674,1.13045,1.28948,1.1704
2006-11-10,1.00316,1.07421,1.59981,1.37341,1.09362,1.13797,1.30553,1.20111
2006-11-17,1.00316,1.07421,1.60321,1.39485,1.1078,1.14843,1.32612,1.23656
2006-11-24,1.00316,1.07594,1.65099,1.39215,1.11025,1.15871,1.32546,1.24633
2006-12-01,1.00615,1.08758,1.65773,1.39576,1.11255,1.16556,1.32423,1.21869
2006-12-08,1.00615,1.08851,1.67406,1.40509,1.1173,1.16794,1.33556,1.22539
2006-12-15,1.00615,1.09715,1.68161,1.42212,1.13554,1.17829,1.35174,1.2417
2006-12-22,1.00615,1.08749,1.6689,1.40424,1.12758,1.16617,1.33664,1.19978
2006-12-29,1.00824,1.10137,1.69945,1.41218,1.13092,1.16972,1.3449,1.2062
2007-01-05,1.00824,1.10075,1.64471,1.40645,1.12511,1.16228,1.33465,1.22549
2007-01-12,1.00824,1.09869,1.69547,1.42615,1.13164,1.16569,1.36029,1.26629
2007-01-19,1.00824,1.10169,1.71981,1.41985,1.13475,1.16565,1.3563,1.23443
2007-01-26,1.00824,1.10926,1.74428,1.41232,1.13498,1.17006,1.34975,1.21766
2007-02-02,1.00824,1.11551,1.77837,1.43482,1.15218,1.186,1.3752,1.23415
2007-02-09,1.00824,1.11489,1.7839,1.42719,1.15481,1.19292,1.36694,1.22633
2007-02-16,1.00924,1.12561,1.80619,1.45421,1.15783,1.19664,1.38394,1.24952
2007-02-23,1.00924,1.13501,1.79018,1.4642,1.16022,1.20637,1.37985,1.26489
2007-03-02,0.999232,1.08332,1.69352,1.38517,1.11492,1.16489,1.31689,1.1872
2007-03-09,1.00041,1.08168,1.72653,1.40377,1.12495,1.17135,1.33693,1.19978
2007-03-16,1.00041,1.08557,1.70818,1.39605,1.11343,1.16462,1.32078,1.19773
2007-03-23,1.00041,1.08932,1.76661,1.44435,1.14516,1.19154,1.36711,1.23381
2007-03-30,0.999551,1.09137,1.75249,1.43268,1.13685,1.18743,1.35386,1.21731
2007-04-06,1.00182,1.09408,1.77537,1.46096,1.14828,1.19976,1.37522,1.24611
2007-04-13,1.00182,1.09529,1.77938,1.47678,1.15811,1.20822,1.38551,1.24863
2007-04-20,1.00182,1.09999,1.80005,1.48989,1.18464,1.22258,1.41698,1.26961
2007-04-27,1.00182,1.1024,1.80866,1.5042,1.1916,1.22467,1.42565,1.30232
2007-05-04,1.00182,1.11224,1.79809,1.51097,1.20486,1.23424,1.43891,1.304
2007-05-11,1.00182,1.12062,1.8101,1.52191,1.19687,1.22329,1.43833,1.3082
2007-05-18,1.00182,1.10636,1.79117,1.55589,1.21494,1.22916,1.45512,1.30624
2007-05-25,1.00197,1.10468,1.76699,1.53482,1.21086,1.22501,1.44625,1.29897
2007-06-01,1.00157,1.10995,1.828,1.56332,1.22988,1.24463,1.46903,1.32665
2007-06-08,1.00078,1.09815,1.75198,1.51329,1.19551,1.21529,1.44005,1.31183
2007-06-15,1.00203,1.10194,1.79677,1.56709,1.22924,1.24098,1.4657,1.33665
2007-06-22,1.00203,1.09946,1.74294,1.53347,1.21624,1.23326,1.44157,1.32349
2007-06-29,1.00487,1.09887,1.75431,1.5336,1.21126,1.22588,1.44042,1.33217
2007-07-06,1.00487,1.10163,1.79949,1.57826,1.22314,1.23956,1.46483,1.36743
2007-07-13,1.00487,1.11046,1.85128,1.62462,1.24072,1.25293,1.48274,1.39654
2007-07-20,1.00487,1.11196,1.83657,1.6261,1.24329,1.25735,1.46981,1.40073
2007-07-27,0.995638,1.04699,1.69474,1.51288,1.18967,1.2178,1.38948,1.34308
2007-08-03,0.998408,1.05786,1.67158,1.48779,1.1822,1.21522,1.37693,1.32713
2007-08-10,0.998408,1.05717,1.67202,1.49493,1.14413,1.19297,1.38565,1.32321
2007-08-17,0.998408,1.07655,1.61424,1.46356,1.13033,1.18129,1.38565,1.29606
2007-08-24,0.998408,1.0809,1.70893,1.52413,1.12783,1.18833,1.42031,1.34896
2007-08-31,0.998408,1.0794,1.72434,1.52804,1.12728,1.20018,1.41322,1.36771
2007-09-07,0.998408,1.0794,1.69848,1.51557,1.11834,1.20228,1.39867,1.3498
2007-09-14,0.998408,1.0794,1.74511,1.545,1.12964,1.21069,1.42577,1.37751
2007-09-21,0.998408,1.07783,1.8308,1.60419,1.17144,1.23929,1.46207,1.41014
2007-09-28,0.998408,1.07852,1.86454,1.60832,1.17251,1.25127,1.46794,1.43955
2007-10-05,0.998408,1.07933,1.90952,1.62392,1.18924,1.25346,1.49939,1.47903
2007-10-12,0.998408,1.07933,1.94264,1.64143,1.19254,1.26529,1.50401,1.49891
2007-10-19,0.998408,1.07498,1.86531,1.59193,1.17436,1.2682,1.43994,1.46839
2007-10-26,1.00195,1.08776,1.95423,1.63107,1.17412,1.27035,1.47794,1.51011
2007-11-02,1.00195,1.08776,1.92821,1.60945,1.16239,1.27837,1.45466,1.52383
2007-11-09,1.00195,1.08662,1.86763,1.54325,1.11759,1.26673,1.39636,1.40006
2007-11-16,1.00195,1.12361,1.8329,1.52015,1.09469,1.25834,1.40261,1.4079
2007-11-23,1.00195,1.12515,1.80957,1.51182,1.09414,1.25758,1.38664,1.39558
2007-11-30,1.00195,1.11322,1.86419,1.5432,1.09414,1.26454,1.43022,1.43675
2007-12-07,1.00195,1.12207,1.91412,1.57565,1.11106,1.27653,1.45187,1.46531
2007-12-14,1.00195,1.10433,1.90103,1.55802,1.08545,1.26228,1.41589,1.42722
2007-12-21,1.00195,1.12469,1.95618,1.58954,1.07523,1.26773,1.43269,1.45338
2007-12-28,1.00195,1.12902,1.9855,1.5907,1.07267,1.27936,1.42466,1.45254
2008-01-04,1.00195,1.10168,1.96913,1.56897,1.06174,1.27351,1.36672,1.35667
2008-01-11,1.00195,1.09874,1.93258,1.56897,1.06174,1.26721,1.35551,1.31883
2008-01-18,1.00195,1.07231,1.85689,1.56897,1.06174,1.25071,1.27726,1.27118
2008-01-25,1.00195,1.06358,1.86684,1.56897,1.06174,1.24438,1.28674,1.23306
2008-02-01,1.00195,1.07182,1.87357,1.56897,1.06174,1.25058,1.34999,1.27791
2008-02-08,1.00195,1.08516,1.91048,1.56897,1.06174,1.23789,1.28703,1.22213
2008-02-15,1.00195,1.08231,1.97004,1.56897,1.06174,1.24118,1.30705,1.22829
2008-02-22,1.00195,1.0827,2.04218,1.56897,1.06174,1.2514,1.31169,1.22437
2008-02-29,1.00195,1.0827,2.0839,1.56897,1.06174,1.26775,1.29428,1.20391
2008-03-07,1.00195,1.08259,2.12184,1.56897,1.06174,1.26559,1.25453,1.17924
2008-03-14,1.00195,1.08242,2.19702,1.56897,1.06174,1.27294,1.25356,1.18429
2008-03-21,1.00195,1.0275,2.01546,1.56897,1.06174,1.2419,1.28378,1.20878
2008-03-28,1.00195,1.07031,2.08656,1.56897,1.06174,1.25042,1.27824,1.22
2008-04-04,1.00195,1.08604,2.09621,1.56897,1.06174,1.25405,1.33053,1.28648
2008-04-11,1.00195,1.08576,2.13254,1.56897,1.06174,1.25752,1.29641,1.24216
2008-04-18,1.00195,1.08634,2.17523,1.56897,1.06174,1.2626,1.34598,1.31033
2008-04-25,1.00195,1.08953,2.12572,1.56897,1.06174,1.26123,1.35687,1.32267
2008-05-02,1.00195,1.09093,2.08239,1.56897,1.06174,1.25597,1.37544,1.36811
2008-05-09,1.00195,1.10397,2.21915,1.56897,1.0446,1.26703,1.35007,1.3524
2008-05-16,1.00195,1.10923,2.23218,1.56897,1.0446,1.28608,1.38661,1.4029
2008-05-23,1.00195,1.10429,2.30823,1.56897,1.0185,1.2817,1.33782,1.35212
2008-05-30,1.00195,1.11301,2.22517,1.56897,1.0185,1.27232,1.36416,1.4029
2008-06-06,1.00195,1.1398,2.32985,1.56897,1.0185,1.27996,1.3247,1.37541
2008-06-13,1.00195,1.14031,2.30899,1.56897,1.0185,1.25697,1.32334,1.35689
2008-06-20,1.00195,1.14028,2.33961,1.56897,1.0185,1.26314,1.28532,1.33117
2008-06-27,1.00195,1.13372,2.42576,1.56897,1.0185,1.26132,1.24575,1.28148
2008-07-04,1.00195,1.10979,2.46495,1.56897,1.0185,1.26709,1.23384,1.25285
2008-07-11,1.00195,1.13586,2.48744,1.56897,1.0185,1.26968,1.20971,1.25089
2008-07-18,1.00195,1.1298,2.31797,1.56897,1.0185,1.2513,1.23061,1.25173
2008-07-25,1.00195,1.09958,2.22675,1.56897,1.0185,1.237,1.22573,1.27082
2008-08-01,1.00195,1.09334,2.21442,1.56897,1.0185,1.23479,1.23237,1.25987
2008-08-08,1.00195,1.05571,2.05801,1.56897,1.0185,1.22419,1.26373,1.32836
2008-08-15,1.00195,1.02541,1.99657,1.56897,1.0185,1.22626,1.27154,1.35194
2008-08-22,1.00195,1.03112,2.05579,1.56897,1.0185,1.22506,1.26646,1.33314
2008-08-29,1.00195,1.02487,2.04963,1.56897,1.0185,1.22373,1.25806,1.29468
2008-09-05,1.00195,1.02174,1.90809,1.56897,1.0185,1.21317,1.21537,1.21973
2008-09-12,1.00195,1.00337,1.78249,1.56897,1.0185,1.21487,1.23169,1.21916
2008-09-19,1.00195,0.996697,1.8819,1.56897,1.0185,1.20157,1.21946,1.2051
2008-09-26,1.00195,0.999963,1.95777,1.56897,1.0185,1.18616,1.18733,1.15397
2008-10-03,1.00195,1.0013,1.71284,1.56897,1.0185,1.18796,1.08407,1.01633
2008-10-10,1.00195,0.999455,1.59262,1.56897,1.0185,1.18807,0.8695,0.879806
2008-10-17,1.00195,0.997149,1.48643,1.56897,1.0185,1.18294,0.915775,0.907335
2008-10-24,1.00195,0.999612,1.35522,1.56897,1.0185,1.18667,0.855156,0.828961
2008-10-31,1.00195,0.994662,1.38959,1.56897,1.0185,1.18347,0.951341,0.923908
2008-11-07,1.00195,1.00236,1.37212,1.56897,1.0185,1.18397,0.922161,0.876154
2008-11-14,1.00195,1.00236,1.36972,1.56897,1.0185,1.18484,0.851029,0.814073
2008-11-21,1.00195,1.00236,1.38917,1.56897,1.0185,1.1906,0.781272,0.749183
2008-11-28,1.00195,1.00236,1.41848,1.56897,1.0185,1.19227,0.885121,0.818006
2008-12-05,1.00195,1.00236,1.44865,1.56897,1.0185,1.19685,0.8639,0.812949
2008-12-12,1.00195,1.00236,1.46312,1.56897,1.0185,1.19724,0.874314,0.833736
2008-12-19,1.00195,1.00236,1.52087,1.56897,1.0185,1.2022,0.873488,0.84001
2008-12-26,1.00195,1.00236,1.51721,1.56897,1.0185,1.20281,0.863286,0.819475
2009-01-02,1.00195,1.00236,1.48599,1.56897,1.0185,1.20272,0.920733,0.872925
2009-01-09,1.00195,0.997686,1.47336,1.56897,1.0185,1.19734,0.882402,0.845918
2009-01-16,1.00195,0.995578,1.48116,1.56897,1.0185,1.19719,0.842486,0.827633
2009-01-23,1.00195,0.986155,1.4451,1.56897,1.0185,1.19389,0.823172,0.813004
2009-01-30,1.00195,0.992415,1.42084,1.56897,1.0185,1.19505,0.820399,0.817505
2009-02-06,1.00195,0.9916,1.40996,1.56897,1.0185,1.19221,0.861503,0.88249
2009-02-13,1.00195,0.993902,1.41556,1.56897,1.0185,1.19556,0.819706,0.856046
2009-02-20,1.00195,0.993902,1.42561,1.56897,1.0185,1.20234,0.766815,0.81216
2009-02-27,1.00195,0.984115,1.40904,1.56897,1.0185,1.19329,0.732248,0.774464
2009-03-06,1.00195,0.981209,1.4253,1.56897,1.0185,1.19324,0.682626,0.739862
2009-03-13,1.00195,0.981209,1.41935,1.56897,1.0185,1.19044,0.753642,0.808503
2009-03-20,1.00195,0.989737,1.43571,1.56897,1.0185,1.19338,0.765221,0.822239
2009-03-27,1.00195,0.989737,1.43435,1.56897,1.0185,1.18978,0.814101,0.868451
2009-04-03,1.00195,0.979344,1.40287,1.56897,1.0185,1.18741,0.840536,0.911563
2009-04-10,1.00195,0.971477,1.39318,1.56897,1.0185,1.18234,0.855998,0.928188
2009-04-17,1.00195,0.981446,1.38442,1.56897,1.0185,1.18105,0.868667,0.938615
2009-04-24,1.00195,0.987896,1.40139,1.56897,1.0185,1.18008,0.864477,0.949322
2009-05-01,1.00195,0.980838,1.36584,1.56897,1.0185,1.17493,0.876747,0.968483
2009-05-08,1.00195,0.97727,1.36883,1.56897,1.0185,1.18723,0.927522,0.964538
2009-05-15,1.00195,0.978648,1.39657,1.56897,1.0185,1.17785,0.884927,0.940305
2009-05-22,1.00195,0.97857,1.37955,1.56897,1.0185,1.1819,0.888019,0.945095
2009-05-29,1.00195,0.980942,1.39257,1.56897,1.0185,1.19389,0.923033,0.996943
2009-06-05,1.00195,0.979589,1.34684,1.59026,1.03777,1.21512,0.943184,1.03639
2009-06-12,1.00195,0.98134,1.34254,1.59718,1.02593,1.20525,0.948471,1.03273
2009-06-19,1.00395,0.975156,1.34972,1.54368,1.01183,1.18163,0.923332,1.02018
2009-06-26,1.00187,0.983782,1.37456,1.53631,1.00298,1.17304,0.921326,1.0261
2009-07-03,1.00187,0.983782,1.36896,1.49727,0.995983,1.16534,0.900961,1.00438
2009-07-10,1.00034,0.976795,1.37772,1.46793,0.958495,1.1304,0.882402,0.985191
2009-07-17,1.00571,0.98922,1.3539,1.59213,1.02801,1.17918,0.944298,1.05967
2009-07-24,1.00571,0.990367,1.36279,1.68002,1.06232,1.21354,0.983723,1.10171
2009-07-31,1.00571,0.995917,1.38439,1.695,1.07817,1.22554,0.991247,1.113
2009-08-07,1.00571,0.997901,1.34958,1.77147,1.1032,1.2628,1.01522,1.12513
2009-08-14,1.00571,1.01074,1.37748,1.75631,1.10954,1.26672,1.01111,1.11807
2009-08-21,1.00571,1.03719,1.38044,1.79065,1.11282,1.26455,1.03298,1.13669
2009-08-28,1.00571,1.04111,1.40477,1.80281,1.13916,1.28678,1.03709,1.14093
2009-09-04,1.0102,1.03751,1.42517,1.77447,1.10221,1.25677,1.02385,1.13867
2009-09-11,1.01199,1.04896,1.44163,1.82682,1.14746,1.30898,1.05104,1.1714
2009-09-18,1.01199,1.04896,1.43489,1.89944,1.17665,1.34034,1.0757,1.19851
2009-09-25,1.01199,1.0461,1.43671,1.82669,1.15062,1.30132,1.05282,1.17761
2009-10-02,1.01583,1.07215,1.41035,1.78026,1.12031,1.27941,1.03306,1.15446
2009-10-09,1.02125,1.09991,1.46882,1.87615,1.17105,1.33215,1.08114,1.19964
2009-10-16,1.02125,1.09991,1.46324,1.89918,1.19477,1.35446,1.09757,1.20811
2009-10-23,1.02125,1.10557,1.47808,1.88351,1.20454,1.37202,1.08941,1.218
2009-10-30,1.02134,1.092,1.43327,1.77544,1.16731,1.32528,1.04385,1.15672
2009-11-06,1.02134,1.10233,1.50254,1.81365,1.16687,1.32894,1.07983,1.20303
2009-11-13,1.02134,1.10233,1.53249,1.85898,1.20037,1.35425,1.10493,1.24285
2009-11-20,1.02134,1.1066,1.57411,1.85433,1.19971,1.35986,1.10301,1.22675
2009-11-27,1.02134,1.0923,1.5694,1.84126,1.19037,1.34925,1.10443,1.22873
2009-12-04,1.02134,1.10554,1.60883,1.87581,1.22815,1.39349,1.11894,1.24595
2009-12-11,1.02134,1.0902,1.56548,1.87233,1.22013,1.3697,1.11995,1.24624
2009-12-18,1.02134,1.092,1.55989,1.87266,1.21665,1.37276,1.11686,1.25765
2009-12-25,1.02134,1.09412,1.60011,1.9119,1.23863,1.39485,1.13986,1.30065
2010-01-01,1.02134,1.09412,1.58311,1.89617,1.24503,1.40146,1.12932,1.29414
2010-01-08,1.02275,1.09571,1.66251,1.97571,1.25739,1.42235,1.16104,1.31677
2010-01-15,1.02275,1.08984,1.63531,1.94161,1.26667,1.42303,1.15162,1.29697
2010-01-22,1.02275,1.06423,1.54586,1.85198,1.2277,1.38085,1.10672,1.24916
2010-01-29,1.01741,1.04836,1.48529,1.81089,1.20385,1.35282,1.08828,1.21041
2010-02-05,1.02078,1.07409,1.47614,1.79881,1.17647,1.31986,1.08088,1.21579
2010-02-12,1.02078,1.08066,1.50918,1.81778,1.18122,1.32424,1.09487,1.23785
2010-02-19,1.02078,1.0813,1.55528,1.87925,1.22129,1.36219,1.12628,1.26812
2010-02-26,1.02078,1.08958,1.53614,1.88258,1.22295,1.362,1.12223,1.26614
2010-03-05,1.02078,1.09529,1.6002,1.94051,1.25165,1.39759,1.1578,1.31366
2010-03-12,1.02078,1.09452,1.63593,1.95678,1.28014,1.42034,1.17006,1.33968
2010-03-19,1.02078,1.10337,1.6512,1.98324,1.28563,1.41958,1.18007,1.3448
2010-03-26,1.02078,1.10429,1.6679,2.00616,1.29561,1.42255,1.18628,1.35924
2010-04-02,1.02078,1.11666,1.69412,2.01569,1.30592,1.44103,1.19869,1.36377
2010-04-09,1.02078,1.122,1.73901,2.03648,1.31944,1.45856,1.2165,1.3884
2010-04-16,1.02078,1.1258,1.69723,2.04187,1.33984,1.47081,1.21456,1.40256
2010-04-23,1.02078,1.14753,1.759,2.08447,1.34073,1.47107,1.23949,1.4306
2010-04-30,1.02371,1.15034,1.71861,2.04566,1.34006,1.47957,1.20897,1.39435
2010-05-07,1.0211,1.12504,1.59171,1.88,1.24871,1.399,1.13214,1.28589
2010-05-14,1.02792,1.15606,1.63898,1.92969,1.27621,1.42669,1.1589,1.32894
2010-05-21,1.02293,1.13573,1.55956,1.84323,1.17411,1.36001,1.11026,1.26975
2010-05-28,1.02564,1.15111,1.58025,1.86709,1.17352,1.38087,1.11291,1.29127
2010-06-04,1.02564,1.15225,1.50965,1.84959,1.12633,1.36352,1.08696,1.27683
2010-06-11,1.02564,1.17148,1.57187,1.84959,1.11115,1.35605,1.11606,1.28844
2010-06-18,1.02564,1.17148,1.60757,1.84959,1.11999,1.38187,1.14233,1.33344
2010-06-25,1.02564,1.16354,1.54427,1.84959,1.09751,1.35888,1.10287,1.28689
2010-07-02,1.02564,1.10132,1.431,1.84959,1.09751,1.34231,1.0449,1.20729
2010-07-09,1.02564,1.11997,1.48553,1.84959,1.09751,1.34047,1.10379,1.26841
2010-07-16,1.02564,1.12092,1.46522,1.84959,1.09751,1.34258,1.0905,1.26045
2010-07-23,1.02564,1.1237,1.52698,1.84959,1.09751,1.33664,1.12884,1.30934
2010-07-30,1.02564,1.1325,1.53195,1.84959,1.06762,1.33083,1.12741,1.30224
2010-08-06,1.02564,1.13142,1.56582,1.84959,1.05953,1.34047,1.14908,1.32924
2010-08-13,1.02564,1.13571,1.54188,1.84959,1.02024,1.31391,1.10737,1.27125
2010-08-20,1.02564,1.15205,1.53995,1.84959,1.02024,1.31459,1.09939,1.27694
2010-08-27,1.02564,1.16984,1.58502,1.84959,1.02024,1.31839,1.09254,1.25277
2010-09-03,1.02564,1.16866,1.68535,1.84959,1.02024,1.32569,1.13374,1.30792
2010-09-10,1.02564,1.16699,1.67965,1.84959,1.02024,1.32519,1.13978,1.32469
2010-09-17,1.02564,1.16621,1.70852,1.84959,1.02938,1.34409,1.15626,1.3674
2010-09-24,1.02564,1.17311,1.73824,1.84959,1.03584,1.35503,1.18021,1.41499
2010-10-01,1.02564,1.17167,1.73961,1.84947,1.04713,1.37099,1.17805,1.39646
2010-10-08,1.02564,1.18038,1.79565,1.8778,1.05679,1.38569,1.19789,1.41755
2010-10-15,1.02564,1.17386,1.84007,1.89447,1.07709,1.40897,1.20981,1.46713
2010-10-22,1.02564,1.18424,1.80869,1.90289,1.07737,1.40215,1.21649,1.4714
2010-10-29,1.02564,1.19184,1.84832,1.90457,1.07709,1.40377,1.21793,1.48679
2010-11-05,1.02564,1.19855,1.94659,1.94236,1.11407,1.44775,1.26141,1.52924
2010-11-12,1.02564,1.19167,1.8842,1.90463,1.10022,1.43138,1.23551,1.49619
2010-11-19,1.02428,1.189,1.89448,1.90045,1.09185,1.40942,1.23643,1.49505
2010-11-26,1.02428,1.18179,1.89033,1.87877,1.08511,1.40767,1.22112,1.5036
2010-12-03,1.02428,1.19357,1.98539,1.95499,1.11225,1.43743,1.26316,1.53494
2010-12-10,1.02428,1.19339,1.96488,1.96245,1.13046,1.44522,1.2795,1.55261
2010-12-17,1.02428,1.19263,1.97259,1.9765,1.13585,1.45006,1.28437,1.55654
2010-12-24,1.02428,1.19563,1.99626,2.0067,1.15013,1.46696,1.2978,1.56282
2010-12-31,1.02428,1.19563,2.04167,2.01608,1.14913,1.47452,1.29935,1.55483
2011-01-07,1.02428,1.19204,1.9775,2.02211,1.16771,1.47872,1.31372,1.59509
2011-01-14,1.02428,1.21284,1.96897,2.06654,1.17348,1.48758,1.33604,1.62735
2011-01-21,1.02428,1.20455,1.93841,2.0379,1.17979,1.48247,1.32643,1.58966
2011-01-28,1.02428,1.21463,1.93227,2.05224,1.19133,1.48753,1.31971,1.59109
2011-02-04,1.02428,1.22092,1.96819,2.12934,1.19764,1.50675,1.35515,1.6382
2011-02-11,1.02428,1.22279,2.0219,2.15459,1.20652,1.51053,1.3754,1.66846
2011-02-18,1.02428,1.22514,2.09526,2.19324,1.23005,1.53596,1.39008,1.67674
2011-02-25,1.02644,1.23522,2.10001,2.15691,1.20359,1.52343,1.36734,1.6459
2011-03-04,1.02711,1.24252,2.13473,2.16327,1.2209,1.55238,1.36879,1.65504
2011-03-11,1.02711,1.24617,2.11302,2.12654,1.18565,1.51356,1.35195,1.61279
2011-03-18,1.02751,1.23231,2.0931,2.09684,1.18455,1.51646,1.32586,1.55674
2011-03-25,1.02997,1.24279,2.17171,2.17241,1.20662,1.54758,1.3626,1.62507
2011-04-01,1.02997,1.24315,2.21494,2.20671,1.22657,1.56992,1.38179,1.64279
2011-04-08,1.02997,1.24046,2.29677,2.19389,1.23116,1.58851,1.37878,1.62821
2011-04-15,1.03036,1.24001,2.32102,2.14971,1.21177,1.57207,1.37028,1.61964
2011-04-22,1.028,1.24651,2.42114,2.19578,1.23006,1.60202,1.38833,1.66795
2011-04-29,1.028,1.24593,2.49181,2.23802,1.25185,1.62973,1.41583,1.68911
2011-05-06,1.02808,1.17968,2.11458,2.14329,1.24063,1.57855,1.39269,1.67167
2011-05-13,1.02946,1.21537,2.11401,2.11366,1.24257,1.58236,1.39103,1.66996
2011-05-20,1.02946,1.23696,2.12651,2.11294,1.23503,1.57359,1.38657,1.65166
2011-05-27,1.0307,1.24271,2.21466,2.1426,1.2262,1.57959,1.38553,1.64194
2011-06-03,1.0307,1.24493,2.17278,2.09561,1.1966,1.55301,1.35346,1.61106
2011-06-10,1.02853,1.23375,2.15312,2.05297,1.18464,1.54588,1.3242,1.56217
2011-06-17,1.02853,1.24739,2.10806,2.05061,1.18202,1.52912,1.32503,1.54132
2011-06-24,1.02853,1.23983,2.04524,2.04524,1.18516,1.53182,1.32252,1.55822
2011-07-01,1.02853,1.26318,2.10481,2.15595,1.22045,1.55042,1.39668,1.65937
2011-07-08,1.02853,1.26662,2.17936,2.15765,1.23653,1.57626,1.40168,1.69147
2011-07-15,1.02853,1.26658,2.21992,2.13709,1.21648,1.56237,1.37342,1.65765
2011-07-22,1.02853,1.27394,2.27077,2.18195,1.2429,1.58601,1.40356,1.7078
2011-07-29,1.02643,1.25617,2.20136,2.1078,1.19107,1.54832,1.34881,1.66195
2011-08-05,1.01186,1.14117,2.01727,1.96065,1.16046,1.51808,1.25234,1.54246
2011-08-12,1.00231,1.08296,2.02191,1.93856,1.16046,1.51626,1.23189,1.53501
2011-08-19,1.00231,1.08296,2.0129,1.89223,1.16046,1.5305,1.17474,1.43358
2011-08-26,1.00231,1.08688,2.04921,1.95481,1.16046,1.52397,1.23033,1.52241
2011-09-02,1.00231,1.08691,2.10503,2.02104,1.16046,1.53383,1.22908,1.5267
2011-09-09,1.00231,1.08762,2.05091,2.02104,1.16046,1.52841,1.20895,1.52384
2011-09-16,1.00231,1.08699,2.0492,2.02104,1.16046,1.52236,1.27391,1.62456
2011-09-23,1.00231,1.07307,1.74285,2.02104,1.16046,1.50938,1.19025,1.55451
2011-09-30,1.00231,1.07438,1.70363,2.02104,1.16046,1.50415,1.18617,1.50686
2011-10-07,1.00231,1.07855,1.72471,2.02104,1.16046,1.50213,1.213,1.55221
2011-10-14,1.00231,1.0714,1.7947,2.02104,1.16046,1.50323,1.28492,1.6702
2011-10-21,1.00231,1.0778,1.74926,2.02104,1.16046,1.50122,1.29959,1.64494
2011-10-28,1.00231,1.08258,1.87839,2.02104,1.16046,1.51081,1.34813,1.69202
2011-11-04,1.00231,1.08498,1.82501,2.02104,1.10523,1.49988,1.31542,1.65929
2011-11-11,1.00231,1.08403,1.84225,2.02104,1.10324,1.49611,1.32779,1.66073
2011-11-18,1.00231,1.08216,1.79387,2.02104,1.09322,1.48626,1.27873,1.5904
2011-11-25,1.00231,1.0718,1.76339,2.02104,1.09322,1.47916,1.21961,1.51805
2011-12-02,1.00231,1.08847,1.80307,2.02104,1.09322,1.48967,1.30892,1.62542
2011-12-09,1.00231,1.08805,1.77505,2.02104,1.07796,1.48389,1.3214,1.6369
2011-12-16,1.00231,1.07264,1.71823,2.02104,1.07556,1.47764,1.28273,1.57954
2011-12-23,1.00231,1.07467,1.69051,2.02104,1.07556,1.48375,1.33337,1.61466
2011-12-30,1.00231,1.07467,1.66762,2.02104,1.07802,1.48734,1.32398,1.60887
2012-01-06,1.00231,1.07575,1.67308,1.99013,1.09667,1.49316,1.34729,1.66593
2012-01-13,1.00231,1.07495,1.68865,1.99016,1.10044,1.49147,1.35921,1.67659
2012-01-20,1.00231,1.07714,1.67616,2.00904,1.12268,1.50551,1.39202,1.72241
2012-01-27,1.00231,1.09013,1.70824,2.01017,1.12268,1.51481,1.39065,1.74057
2012-02-03,1.00231,1.09011,1.71067,2.03879,1.14629,1.53524,1.41935,1.78812
2012-02-10,1.00231,1.08897,1.7145,2.02519,1.14766,1.531,1.41745,1.80022
2012-02-17,1.00231,1.0892,1.72468,2.04379,1.16784,1.55327,1.43907,1.82788
2012-02-24,1.00231,1.09368,1.72957,2.04712,1.17135,1.56281,1.44456,1.84316
2012-03-02,1.00231,1.08777,1.73187,2.03856,1.17742,1.56107,1.44857,1.86938
2012-03-09,1.00543,1.08329,1.72419,2.04593,1.17452,1.55048,1.45131,1.8737
2012-03-16,1.00543,1.07906,1.67302,2.09318,1.20595,1.56708,1.4866,1.92018
2012-03-23,1.00581,1.08206,1.68509,2.08547,1.19702,1.55572,1.47971,1.93231
2012-03-30,1.00872,1.09494,1.68318,2.10113,1.21077,1.56856,1.492,1.94992
2012-04-06,1.00872,1.10178,1.67578,2.0881,1.19753,1.55198,1.48119,1.95482
2012-04-13,1.00928,1.10914,1.71266,2.04977,1.18972,1.547,1.45311,1.91066
2012-04-20,1.00928,1.10914,1.71034,2.04619,1.18851,1.54957,1.4617,1.89594
2012-04-27,1.00928,1.12784,1.7193,2.09732,1.20784,1.56679,1.48755,1.94097
2012-05-04,1.00928,1.12784,1.69566,2.03941,1.19015,1.54895,1.45163,1.86765
2012-05-11,1.00785,1.11654,1.6905,2.00732,1.16136,1.52714,1.4369,1.85264
2012-05-18,1.0011,1.07366,1.66095,1.8982,1.12871,1.50353,1.37471,1.75536
2012-05-25,1.00492,1.0977,1.6756,1.93807,1.13825,1.51068,1.39971,1.79173
2012-06-01,1.00492,1.0977,1.67741,1.87324,1.11187,1.49841,1.35796,1.74381
2012-06-08,1.01267,1.13669,1.69976,1.95423,1.13163,1.50054,1.41031,1.81482
2012-06-15,1.01267,1.13669,1.70955,1.97254,1.15192,1.50969,1.42869,1.82247
2012-06-22,1.01267,1.1357,1.7054,1.97344,1.14976,1.5097,1.42145,1.83288
2012-06-29,1.01267,1.13633,1.71991,2.00017,1.16764,1.52251,1.44957,1.85632
2012-07-06,1.01267,1.13633,1.73808,1.98942,1.16997,1.52788,1.44307,1.85516
2012-07-13,1.01489,1.14757,1.75604,1.9883,1.15607,1.5197,1.44584,1.83375
2012-07-20,1.01432,1.14432,1.75712,1.98665,1.18275,1.5345,1.45351,1.85863
2012-07-27,1.01816,1.16291,1.75572,2.02057,1.18223,1.5229,1.47705,1.87686
2012-08-03,1.01816,1.1622,1.75226,2.01612,1.19666,1.52936,1.48418,1.89798
2012-08-10,1.01816,1.16112,1.74548,2.02167,1.20944,1.53751,1.50005,1.93443
2012-08-17,1.01816,1.15042,1.728,2.03294,1.22835,1.54797,1.51432,1.97668
2012-08-24,1.0198,1.15722,1.74169,2.01487,1.21177,1.54074,1.50719,1.97581
2012-08-31,1.01893,1.15049,1.75419,2.00564,1.22023,1.54652,1.50346,1.97205
2012-09-07,1.02294,1.15646,1.75776,2.0339,1.24373,1.57224,1.53722,2.00879
2012-09-14,1.02294,1.15059,1.74972,2.04742,1.26851,1.59869,1.56822,2.03049
2012-09-21,1.02294,1.16077,1.74641,2.06928,1.2732,1.59413,1.56192,2.03541
2012-09-28,1.02269,1.15328,1.7364,2.05064,1.25106,1.57668,1.54157,1.98957
2012-10-05,1.02394,1.15811,1.7481,2.08793,1.27554,1.5936,1.56481,2.00146
2012-10-12,1.022,1.1509,1.7084,2.05619,1.24559,1.57134,1.53001,1.93473
2012-10-19,1.02456,1.1623,1.71092,2.06991,1.26374,1.58167,1.53536,1.90571
2012-10-26,1.02362,1.15262,1.68415,2.04831,1.22684,1.55035,1.51352,1.89614
2012-11-02,1.02395,1.1603,1.69806,2.03455,1.2475,1.56425,1.51577,1.89092
2012-11-09,1.02465,1.15523,1.65633,1.97704,1.19488,1.52908,1.47936,1.84043
2012-11-16,1.02199,1.14941,1.63873,1.96355,1.18005,1.52051,1.4602,1.80764
2012-11-23,1.02566,1.16258,1.70142,2.00151,1.18983,1.53722,1.51352,1.88308
2012-11-30,1.02566,1.16505,1.71449,2.03511,1.20689,1.55129,1.52209,1.9092
2012-12-07,1.02566,1.16627,1.7386,2.04617,1.2102,1.55078,1.52487,1.88395
2012-12-14,1.02566,1.17019,1.73295,2.04217,1.20842,1.54672,1.52155,1.87699
2012-12-21,1.02566,1.15298,1.76489,2.07388,1.21571,1.54523,1.53978,1.90232
2012-12-28,1.02566,1.14022,1.7424,2.03037,1.20263,1.54224,1.51002,1.86089
2013-01-04,1.03345,1.18125,1.78851,2.12969,1.2482,1.56439,1.57839,1.94405
2013-01-11,1.03345,1.18125,1.79711,2.1325,1.25735,1.57137,1.58594,1.96243
2013-01-18,1.03345,1.18135,1.83654,2.16605,1.2653,1.58159,1.59952,1.95688
2013-01-25,1.03345,1.18098,1.84951,2.20857,1.28164,1.59263,1.62023,1.95484
2013-02-01,1.03345,1.18692,1.86494,2.21621,1.28822,1.59927,1.6309,1.9741
2013-02-08,1.03345,1.18685,1.87028,2.22272,1.29309,1.59837,1.63694,1.98373
2013-02-15,1.03345,1.17806,1.87894,2.24089,1.30344,1.60266,1.64029,1.97672
2013-02-22,1.03345,1.15902,1.86898,2.22538,1.2925,1.58768,1.63792,1.95893
2013-03-01,1.03345,1.15721,1.87948,2.23601,1.29198,1.58602,1.64029,1.96593
2013-03-08,1.03345,1.15611,1.93094,2.29723,1.32935,1.61558,1.6762,2.00648
2013-03-15,1.03345,1.15405,1.94765,2.31712,1.33861,1.62133,1.68787,2.00352
2013-03-22,1.03345,1.15038,1.94127,2.30953,1.33003,1.61442,1.68538,2.00586
2013-03-29,1.03345,1.15258,1.96167,2.3338,1.34068,1.62343,1.69697,2.01698
2013-04-05,1.03345,1.14771,1.95969,2.31781,1.32229,1.60473,1.68062,1.98452
2013-04-12,1.03345,1.15648,2.02098,2.37701,1.36292,1.63577,1.72004,2.04534
2013-04-19,1.03345,1.1508,2.0068,2.32906,1.32702,1.60886,1.68408,1.99124
2013-04-26,1.03345,1.15786,2.01667,2.36481,1.35992,1.63713,1.71398,2.03452
2013-05-03,1.03345,1.16052,2.03167,2.3905,1.38405,1.65687,1.74788,2.1091
2013-05-10,1.03345,1.15387,2.05214,2.43358,1.39994,1.66446,1.76998,2.13629
2013-05-17,1.03345,1.15474,2.10316,2.48965,1.42536,1.67836,1.80821,2.17285
2013-05-24,1.03345,1.15555,2.09162,2.46993,1.41265,1.65948,1.79056,2.14682
2013-05-31,1.03345,1.1224,2.05413,2.44786,1.42038,1.65383,1.77041,2.14214
2013-06-07,1.03796,1.13168,2.06637,2.46782,1.40733,1.64187,1.78503,2.14624
2013-06-14,1.03851,1.1359,2.04674,2.44412,1.40887,1.64753,1.76749,2.11378
2013-06-21,1.03766,1.12951,1.9986,2.3956,1.37842,1.61791,1.73209,2.06619
2013-06-28,1.0402,1.14374,2.02055,2.4345,1.38697,1.62444,1.74679,2.09083
2013-07-05,1.0402,1.14374,2.05887,2.47756,1.40286,1.6391,1.7751,2.12926
2013-07-12,1.0402,1.14691,2.11979,2.55595,1.44534,1.67553,1.82399,2.20906
2013-07-19,1.0402,1.14691,2.1516,2.58139,1.4551,1.68805,1.84206,2.18823
2013-07-26,1.0402,1.14876,2.15251,2.58666,1.45251,1.68222,1.84141,2.21111
2013-08-02,1.0402,1.15406,2.1821,2.61222,1.47029,1.69478,1.86145,2.25805
2013-08-09,1.0402,1.1577,2.15307,2.57909,1.46425,1.68833,1.84359,2.24397
2013-08-16,1.03981,1.13426,2.09888,2.50836,1.43386,1.67053,1.80569,2.21434
2013-08-23,1.04061,1.14079,2.11572,2.52264,1.43809,1.67194,1.8143,2.24925
2013-08-30,1.04061,1.14444,2.06475,2.47498,1.42047,1.66104,1.78196,2.21405
2013-09-06,1.04061,1.14708,2.10385,2.51803,1.43774,1.67299,1.80798,2.25688
2013-09-13,1.04061,1.14708,2.15078,2.57419,1.46036,1.68682,1.8438,2.29003
2013-09-20,1.04061,1.1509,2.18046,2.60971,1.49525,1.71281,1.868,2.32427
2013-09-27,1.04,1.14661,2.15394,2.57798,1.46497,1.69072,1.8482,2.32662
2013-10-04,1.03921,1.14702,2.16054,2.57998,1.45551,1.68566,1.84798,2.33633
2013-10-11,1.03921,1.16317,2.16776,2.58707,1.46557,1.68985,1.86297,2.33133
2013-10-18,1.03921,1.16317,2.22264,2.64168,1.50852,1.72493,1.90816,2.41725
2013-10-25,1.03921,1.16666,2.2385,2.69318,1.52284,1.72922,1.92523,2.43932
2013-11-01,1.03921,1.16602,2.22566,2.69323,1.52727,1.72597,1.92807,2.43667
2013-11-08,1.03921,1.18226,2.2242,2.69764,1.51729,1.71216,1.93989,2.42873
2013-11-15,1.03921,1.18388,2.26911,2.75221,1.55798,1.73822,1.97009,2.47051
2013-11-22,1.03921,1.1851,2.27301,2.7728,1.56163,1.73926,1.97841,2.47139
2013-11-29,1.03921,1.18124,2.29063,2.78443,1.57325,1.7474,1.98048,2.52259
2013-12-06,1.04124,1.19527,2.27597,2.77323,1.56761,1.74112,1.97983,2.53054
2013-12-13,1.04119,1.19813,2.23363,2.7299,1.54878,1.72577,1.94886,2.4967
2013-12-20,1.04256,1.20962,2.29378,2.80476,1.5763,1.74273,1.9974,2.55334
2013-12-27,1.04256,1.20962,2.31866,2.83502,1.60605,1.76301,2.02259,2.58345
2014-01-03,1.04256,1.20962,2.31237,2.82188,1.59845,1.75285,2.01203,2.55747
2014-01-10,1.04256,1.21018,2.33864,2.82455,1.60474,1.75676,2.02578,2.57695
2014-01-17,1.04256,1.2137,2.33081,2.8108,1.60605,1.7604,2.02028,2.59407
2014-01-24,1.04256,1.19686,2.2767,2.70929,1.58424,1.74849,1.96802,2.56042
2014-01-31,1.03997,1.1831,2.26434,2.70715,1.54419,1.72302,1.96021,2.54655
2014-02-07,1.04375,1.19402,2.29624,2.72341,1.55553,1.72635,1.97672,2.57695
2014-02-14,1.04375,1.19402,2.34478,2.79461,1.59505,1.75579,2.02446,2.65104
2014-02-21,1.04375,1.19402,2.34649,2.80149,1.6091,1.7699,2.02303,2.65458
2014-02-28,1.04375,1.19515,2.38318,2.83404,1.62079,1.77943,2.04943,2.67776
2014-03-07,1.04375,1.19307,2.39788,2.85844,1.64844,1.79157,2.07111,2.68339
2014-03-14,1.04343,1.18495,2.35346,2.79475,1.61259,1.77127,2.0315,2.62826
2014-03-21,1.04564,1.20247,2.36457,2.81648,1.64476,1.78083,2.05748,2.64407
2014-03-28,1.04564,1.17734,2.31396,2.79842,1.62198,1.76945,2.04964,2.58614
2014-04-04,1.04564,1.19593,2.32224,2.81359,1.66185,1.79437,2.05969,2.56594
2014-04-11,1.04863,1.20735,2.24237,2.73164,1.59596,1.7602,2.00566,2.49879
2014-04-18,1.04863,1.21791,2.29516,2.80196,1.62873,1.78211,2.05958,2.56089
2014-04-25,1.04863,1.21437,2.29776,2.79558,1.64047,1.78614,2.05848,2.56059
2014-05-02,1.04863,1.21479,2.31527,2.80726,1.65002,1.79139,2.07804,2.59921
2014-05-09,1.04863,1.21658,2.31287,2.80653,1.64477,1.78834,2.07693,2.57871
2014-05-16,1.04863,1.22088,2.32649,2.8107,1.64301,1.79045,2.07793,2.60574
2014-05-23,1.04863,1.22493,2.36387,2.82455,1.66273,1.80189,2.10334,2.67021
2014-05-30,1.04863,1.22547,2.39421,2.86753,1.68402,1.81675,2.12909,2.7127
2014-06-06,1.04863,1.22558,2.42853,2.89074,1.7075,1.83419,2.15892,2.75756
2014-06-13,1.04875,1.22774,2.40514,2.86631,1.69918,1.82949,2.14511,2.7427
2014-06-20,1.04941,1.23284,2.43967,2.91265,1.7259,1.85094,2.17549,2.76348
2014-06-27,1.04941,1.23316,2.44266,2.92559,1.71665,1.84945,2.17415,2.79267
2014-07-04,1.04941,1.23137,2.47127,2.92026,1.74139,1.85863,2.20058,2.85076
2014-07-11,1.04941,1.22345,2.44898,2.89693,1.72757,1.85014,2.18292,2.83795
2014-07-18,1.04941,1.23101,2.46396,2.89733,1.72871,1.84488,2.19514,2.86327
2014-07-25,1.04941,1.23512,2.46533,2.90571,1.74403,1.85291,2.19525,2.88174
2014-08-01,1.04383,1.20327,2.38815,2.81777,1.69535,1.81382,2.13729,2.82008
2014-08-08,1.04462,1.21211,2.39599,2.83207,1.68566,1.80995,2.14551,2.82693
2014-08-15,1.04529,1.21407,2.43838,2.85509,1.72977,1.83953,2.17304,2.9014
2014-08-22,1.04529,1.21043,2.47625,2.8897,1.75504,1.85504,2.21157,2.95055
2014-08-29,1.04529,1.21111,2.49177,2.91768,1.76481,1.86272,2.22845,2.97229
2014-09-05,1.04529,1.21068,2.49258,2.90747,1.76235,1.85859,2.23289,2.97557
2014-09-12,1.04529,1.20506,2.48306,2.84051,1.76173,1.84782,2.2109,2.96336
2014-09-19,1.04529,1.20827,2.51213,2.86952,1.78253,1.85427,2.23875,2.98534
2014-09-26,1.04504,1.20589,2.48451,2.8206,1.73989,1.82421,2.20752,2.94951
2014-10-03,1.04358,1.20927,2.47266,2.82306,1.73087,1.81955,2.19212,2.93129
2014-10-10,1.04434,1.21102,2.39114,2.76941,1.70442,1.80952,2.12542,2.81992
2014-10-17,1.04434,1.209,2.3476,2.71322,1.66582,1.79871,2.10233,2.77692
2014-10-24,1.04434,1.20525,2.47988,2.83677,1.69601,1.81688,2.19112,2.94473
2014-10-31,1.04434,1.20248,2.55645,2.91402,1.75273,1.8452,2.24946,3.02774
2014-11-07,1.04434,1.20308,2.55884,2.92353,1.7648,1.84841,2.2682,3.03371
2014-11-14,1.04434,1.20201,2.5914,2.94146,1.77288,1.85281,2.27824,3.08208
2014-11-21,1.04434,1.21102,2.61165,2.96441,1.80363,1.86887,2.30545,3.10149
2014-11-28,1.04434,1.21082,2.66316,3.01032,1.80233,1.87537,2.31126,3.16539
2014-12-05,1.04434,1.22404,2.67126,3.0056,1.80563,1.87288,2.32018,3.14658
2014-12-12,1.04118,1.21236,2.64904,2.92219,1.7602,1.8591,2.24087,3.06566
2014-12-19,1.04502,1.23167,2.71267,2.99845,1.80302,1.87481,2.31639,3.12653
2014-12-26,1.04502,1.23167,2.74108,3.01493,1.81944,1.88592,2.33792,3.14811
2015-01-02,1.04395,1.22538,2.71289,2.96042,1.80258,1.88031,2.30416,3.08517
2015-01-09,1.04483,1.23089,2.76475,2.99744,1.80275,1.88515,2.29092,3.07558
2015-01-16,1.04773,1.24177,2.81483,3.02878,1.73611,1.86352,2.26154,3.02164
2015-01-23,1.04843,1.24572,2.83817,3.05554,1.79743,1.89593,2.299,3.12474
2015-01-30,1.04735,1.23408,2.78592,2.98121,1.75183,1.88191,2.23709,3.03003
2015-02-06,1.05096,1.25737,2.74163,2.971,1.80415,1.89432,2.30551,3.09087
2015-02-13,1.05096,1.24151,2.72599,2.96475,1.82608,1.89757,2.35295,3.20416
2015-02-20,1.05096,1.24462,2.75068,2.99842,1.82966,1.89803,2.36933,3.24911
2015-02-27,1.05096,1.24509,2.72935,2.99829,1.8452,1.9076,2.36282,3.24881
2015-03-06,1.05096,1.23879,2.62112,2.95039,1.82913,1.89246,2.32738,3.21914
2015-03-13,1.04977,1.228,2.66756,2.94303,1.80599,1.88387,2.30865,3.1571
2015-03-20,1.04977,1.23598,2.78937,3.03227,1.83984,1.90962,2.37055,3.26019
2015-03-27,1.05046,1.24542,2.73479,2.97738,1.79966,1.88472,2.31794,3.16977
2015-04-03,1.05191,1.25659,2.744,2.9788,1.80396,1.89163,2.32582,3.15776
2015-04-10,1.05191,1.25641,2.7679,3.02953,1.83537,1.90716,2.36638,3.23676
2015-04-17,1.05191,1.25548,2.73524,2.98906,1.83309,1.90206,2.34284,3.18449
2015-04-24,1.05191,1.27021,2.79737,3.03834,1.85695,1.91821,2.38452,3.32057
2015-05-01,1.05313,1.26274,2.72023,2.98811,1.83712,1.89447,2.37404,3.27581
2015-05-08,1.05354,1.26801,2.71606,3.0003,1.85011,1.89773,2.38418,3.265
2015-05-15,1.05354,1.26449,2.72698,3.01773,1.86379,1.90199,2.39342,3.29173
2015-05-22,1.05354,1.26449,2.73481,3.03886,1.86906,1.90075,2.39962,3.31847
2015-05-29,1.05441,1.26717,2.74753,3.02464,1.86327,1.89265,2.37878,3.30585
2015-06-05,1.05441,1.25135,2.73081,3.00681,1.84195,1.87642,2.36334,3.28332
2015-06-12,1.05726,1.25646,2.7283,3.00259,1.848,1.88043,2.36604,3.2668
2015-06-19,1.05726,1.25646,2.77178,3.0392,1.86422,1.8897,2.38661,3.30864
2015-06-26,1.05726,1.25401,2.77547,3.04243,1.8539,1.88462,2.3754,3.28997
2015-07-03,1.0572,1.24901,2.73924,3.00253,1.83433,1.87132,2.34699,3.25023
2015-07-10,1.05553,1.23961,2.74763,3.0073,1.82746,1.86587,2.34891,3.24119
2015-07-17,1.05553,1.24361,2.83599,3.09706,1.87154,1.88537,2.40552,3.42004
2015-07-24,1.05311,1.2357,2.78557,3.03898,1.85399,1.87867,2.3548,3.34507
2015-07-31,1.05449,1.24784,2.83018,3.08526,1.86387,1.879,2.3831,3.37066
2015-08-07,1.05449,1.24781,2.77509,3.03936,1.83513,1.86726,2.35423,3.32128
2015-08-14,1.05449,1.24807,2.77845,3.04323,1.83751,1.86539,2.37087,3.3273
2015-08-21,1.05449,1.20848,2.61791,2.87705,1.77844,1.845,2.23966,3.08312
2015-08-28,1.05449,1.21497,2.66036,2.89338,1.77755,1.80711,2.25608,3.18007
2015-09-04,1.05449,1.21459,2.56913,2.79267,1.77755,1.80561,2.18034,3.0759
2015-09-11,1.05449,1.21459,2.62347,2.79267,1.77755,1.80356,2.22732,3.17857
2015-09-18,1.05449,1.21459,2.64002,2.79267,1.77755,1.80318,2.22422,3.17966
2015-09-25,1.05449,1.21459,2.58623,2.79267,1.77755,1.80328,2.19463,3.10632
2015-10-02,1.05449,1.21459,2.61408,2.79267,1.77755,1.80519,2.2191,3.13922
2015-10-09,1.05449,1.21459,2.62148,2.79267,1.77755,1.80546,2.29114,3.21527
2015-10-16,1.05449,1.21459,2.65645,2.79267,1.77755,1.80579,2.31321,3.26326
2015-10-23,1.05449,1.21484,2.66131,2.79267,1.77755,1.81767,2.36146,3.40391
2015-10-30,1.05449,1.21566,2.69976,2.79267,1.79218,1.81097,2.36624,3.42051
2015-11-06,1.05449,1.21448,2.67121,2.79247,1.79801,1.80785,2.39026,3.46458
2015-11-13,1.04934,1.19598,2.63899,2.68314,1.7518,1.79026,2.30491,3.31518
2015-11-20,1.05279,1.21806,2.68472,2.78546,1.77945,1.7978,2.38195,3.45522
2015-11-27,1.05279,1.21806,2.69468,2.79844,1.77928,1.79684,2.38479,3.45009
2015-12-04,1.05279,1.21806,2.70756,2.81581,1.74682,1.78326,2.38548,3.47514
2015-12-11,1.05279,1.21806,2.60251,2.72432,1.72762,1.77563,2.29739,3.34385
2015-12-18,1.05279,1.23795,2.58457,2.71501,1.67861,1.77072,2.28978,3.325
2015-12-25,1.05279,1.23795,2.64113,2.78004,1.67777,1.77242,2.35457,3.40855
2016-01-01,1.05279,1.23795,2.62325,2.76028,1.67212,1.77052,2.33385,3.38646
2016-01-08,1.05279,1.208,2.45255,2.71427,1.63348,1.75253,2.19705,3.1488
2016-01-15,1.05279,1.2158,2.38891,2.71427,1.63348,1.75069,2.15,3.05284
2016-01-22,1.05279,1.2141,2.45323,2.71427,1.63348,1.75071,2.18102,3.14154
2016-01-29,1.05279,1.2141,2.4825,2.71427,1.63348,1.75688,2.21765,3.15244
2016-02-05,1.05279,1.2141,2.35337,2.71427,1.63348,1.7591,2.1516,2.97049
2016-02-12,1.05279,1.21759,2.34384,2.71427,1.63348,1.7672,2.13649,2.96746
2016-02-19,1.05279,1.22147,2.43327,2.71427,1.63348,1.76603,2.19796,3.07675
2016-02-26,1.05279,1.22147,2.48291,2.71427,1.63348,1.76786,2.23334,3.13125
2016-03-04,1.05279,1.22085,2.49786,2.71427,1.63348,1.76925,2.29447,3.19906
2016-03-11,1.05279,1.22089,2.5176,2.71427,1.63348,1.77511,2.32114,3.22388
2016-03-18,1.05279,1.22196,2.54731,2.71427,1.6574,1.79157,2.35175,3.26017
2016-03-25,1.05279,1.22065,2.54584,2.71427,1.63978,1.7755,2.33726,3.25683
2016-04-01,1.05279,1.2211,2.59522,2.74864,1.65886,1.78297,2.38098,3.35096
2016-04-08,1.05279,1.22223,2.58625,2.69981,1.66689,1.78737,2.35314,3.30966
2016-04-15,1.05279,1.22497,2.57718,2.74047,1.68857,1.80086,2.39088,3.35946
2016-04-22,1.05279,1.2258,2.53276,2.7178,1.69295,1.80508,2.40457,3.30905
2016-04-29,1.05279,1.22648,2.59932,2.70825,1.6781,1.80962,2.37419,3.21007
2016-05-06,1.05146,1.2152,2.66087,2.7109,1.6565,1.79176,2.36717,3.20582
2016-05-13,1.05238,1.22219,2.65827,2.71734,1.67396,1.79517,2.35613,3.20339
2016-05-20,1.05238,1.22325,2.59573,2.68451,1.66349,1.77714,2.36453,3.23284
2016-05-27,1.05238,1.22863,2.63666,2.72626,1.70091,1.79313,2.41918,3.34397
2016-06-03,1.05238,1.22863,2.67998,2.76563,1.70675,1.8114,2.41964,3.34185
2016-06-10,1.05238,1.23218,2.70862,2.78601,1.70846,1.82372,2.41723,3.30784
2016-06-17,1.05186,1.22387,2.71559,2.78157,1.6905,1.80813,2.38874,3.24206
2016-06-24,1.05356,1.23843,2.70802,2.74963,1.66161,1.78733,2.3508,3.17508
2016-07-01,1.05356,1.27466,2.80956,2.82881,1.67964,1.81623,2.42806,3.29047
2016-07-08,1.05356,1.27466,2.84247,2.83122,1.69222,1.81821,2.45964,3.35805
2016-07-15,1.05356,1.27241,2.80136,2.84279,1.73817,1.84741,2.49642,3.40372
2016-07-22,1.05356,1.27561,2.83527,2.84037,1.7352,1.84083,2.51273,3.46004
2016-07-29,1.05356,1.27236,2.84936,2.80221,1.7356,1.84675,2.51134,3.50815
2016-08-05,1.0561,1.27997,2.76647,2.80615,1.7352,1.84877,2.5236,3.55534
2016-08-12,1.05621,1.28698,2.76894,2.81976,1.75028,1.86146,2.52684,3.56812
2016-08-19,1.05621,1.28804,2.74372,2.86182,1.75044,1.86389,2.52777,3.56995
2016-08-26,1.05621,1.28194,2.67869,2.83674,1.74731,1.8565,2.51331,3.55534
2016-09-02,1.05679,1.28726,2.7151,2.84753,1.75108,1.8507,2.5258,3.56569
2016-09-09,1.05679,1.29326,2.64317,2.79738,1.73969,1.84687,2.46693,3.47922
2016-09-16,1.05874,1.29561,2.64742,2.78844,1.72035,1.81318,2.48043,3.57981
2016-09-23,1.05874,1.30117,2.75492,2.80736,1.74646,1.85092,2.51089,3.61155
2016-09-30,1.05874,1.30431,2.6773,2.86285,1.73784,1.84618,2.5145,3.62345
2016-10-07,1.05874,1.27183,2.53218,2.83905,1.74147,1.83141,2.49985,3.61582
2016-10-14,1.05874,1.26883,2.52979,2.81236,1.72575,1.81626,2.47753,3.57523
2016-10-21,1.05874,1.27565,2.55197,2.83558,1.72358,1.81412,2.48753,3.60606
2016-10-28,1.05874,1.26622,2.52547,2.81614,1.71761,1.80409,2.47079,3.57401
2016-11-04,1.05428,1.23508,2.55173,2.75403,1.68353,1.78095,2.4244,3.46871
2016-11-11,1.05829,1.24723,2.41922,2.89104,1.74131,1.806,2.51589,3.53433
2016-11-18,1.05829,1.25591,2.37383,2.94934,1.7654,1.81653,2.54007,3.58072
2016-11-25,1.05829,1.25591,2.36633,2.99539,1.78176,1.82982,2.57518,3.6259
2016-12-02,1.05829,1.26611,2.36448,3.02599,1.77024,1.82852,2.55379,3.53128
2016-12-09,1.05829,1.27751,2.37878,3.11768,1.81649,1.86012,2.63319,3.64726
2016-12-16,1.05829,1.2791,2.34264,3.09274,1.83206,1.85476,2.63152,3.66111
2016-12-23,1.05829,1.28008,2.32713,3.10714,1.82736,1.85163,2.63935,3.67947
2016-12-30,1.05829,1.28173,2.34824,3.06599,1.82169,1.85207,2.61386,3.62682
2017-01-06,1.05862,1.29538,2.37533,3.11713,1.83628,1.86212,2.65689,3.73243
2017-01-13,1.05862,1.30269,2.3762,3.12265,1.8379,1.8615,2.65502,3.77008
2017-01-20,1.05862,1.30274,2.39345,3.1135,1.83766,1.85919,2.6514,3.77284
2017-01-27,1.05862,1.30274,2.40493,3.1726,1.85971,1.87701,2.67747,3.8509
2017-02-03,1.05862,1.30513,2.40951,3.15572,1.85484,1.86921,2.6818,3.84722
2017-02-10,1.05862,1.32169,2.41651,3.17499,1.87251,1.88024,2.70717,3.89926
2017-02-17,1.05862,1.32257,2.43256,3.20617,1.89643,1.8907,2.74904,3.97365
2017-02-24,1.05862,1.31644,2.41748,3.18993,1.90867,1.89871,2.76833,3.98742
2017-03-03,1.05862,1.32462,2.44467,3.23729,1.93064,1.9053,2.78798,4.01069
2017-03-10,1.05862,1.28625,2.40058,3.22685,1.92901,1.88764,2.77944,4.02201
2017-03-17,1.05862,1.2945,2.40931,3.22711,1.93561,1.89811,2.78378,4.03958
2017-03-24,1.05859,1.28938,2.34434,3.15867,1.90818,1.88559,2.74655,4.00707
2017-03-31,1.05951,1.29689,2.38342,3.18521,1.92055,1.89191,2.76863,4.06075
2017-04-07,1.05951,1.29918,2.35727,3.16879,1.91445,1.89,2.76229,4.04817
2017-04-14,1.05838,1.29114,2.31436,3.10926,1.90215,1.88655,2.7307,4.00001
2017-04-21,1.05937,1.2933,2.35998,3.15946,1.91526,1.88492,2.75513,4.06627
2017-04-28,1.05937,1.28724,2.39015,3.21524,1.94498,1.90346,2.79611,4.17148
2017-05-05,1.05937,1.28447,2.41615,3.24706,1.94734,1.89873,2.81514,4.21903
2017-05-12,1.05937,1.28447,2.42154,3.23593,1.94652,1.89999,2.80668,4.25155
2017-05-19,1.06158,1.2929,2.4053,3.21782,1.9322,1.89297,2.79882,4.22823
2017-05-26,1.06201,1.29817,2.45058,3.27229,1.96647,1.91377,2.83875,4.33191
2017-06-02,1.06201,1.30249,2.46747,3.30148,1.98178,1.92949,2.86764,4.40063
2017-06-09,1.06201,1.30244,2.45988,3.25507,1.98723,1.92911,2.85871,4.29388
2017-06-16,1.06201,1.3044,2.44687,3.25684,1.98612,1.9301,2.86357,4.24929
2017-06-23,1.06201,1.311,2.46588,3.2498,1.98727,1.92981,2.86935,4.34433
2017-06-30,1.06281,1.31276,2.44956,3.18307,1.98211,1.92406,2.85365,4.2336
2017-07-07,1.06281,1.30362,2.46477,3.18775,1.97336,1.91226,2.85731,4.23729
2017-07-14,1.06281,1.31057,2.51392,3.24762,1.99962,1.9353,2.89803,4.3714
2017-07-21,1.06281,1.31057,2.53085,3.26081,2.01615,1.94789,2.9136,4.43261
2017-07-28,1.06281,1.3091,2.53243,3.24057,2.01787,1.94651,2.91396,4.4243
2017-08-04,1.06281,1.30658,2.5472,3.2433,2.02498,1.95069,2.91986,4.41846
2017-08-11,1.06279,1.29669,2.50841,3.22105,1.99635,1.93105,2.88103,4.37078
2017-08-18,1.06517,1.31004,2.49916,3.22781,1.98719,1.93104,2.86439,4.34402
2017-08-25,1.06517,1.31508,2.51918,3.26541,2.00355,1.94351,2.88622,4.36678
2017-09-01,1.06517,1.31524,2.55507,3.30625,2.02826,1.96221,2.92493,4.49074
2017-09-08,1.06517,1.31293,2.51068,3.32123,2.01697,1.96256,2.91006,4.43568
2017-09-15,1.06517,1.31995,2.56144,3.33942,2.04465,1.9737,2.95546,4.49259
2017-09-22,1.06517,1.30649,2.5728,3.29075,2.04761,1.96795,2.95843,4.44878
2017-09-29,1.06517,1.31032,2.60271,3.30006,2.05822,1.96943,2.97966,4.48362
2017-10-06,1.06517,1.31038,2.64208,3.34265,2.08954,1.97938,3.0169,4.55174
2017-10-13,1.06517,1.31467,2.64679,3.34842,2.09768,1.99977,3.02378,4.5727
2017-10-20,1.06517,1.31685,2.67491,3.39313,2.11051,1.9949,3.04939,4.58411
2017-10-27,1.06517,1.30844,2.71575,3.38659,2.10862,1.99018,3.05651,4.6621
2017-11-03,1.06517,1.30839,2.72208,3.37391,2.11931,2.0065,3.06529,4.72467
2017-11-10,1.06517,1.3037,2.67613,3.33094,2.11898,2.00868,3.06102,4.73731
2017-11-17,1.06554,1.3082,2.68312,3.33543,2.123,2.00802,3.05829,4.74564
2017-11-24,1.06554,1.3082,2.71183,3.36848,2.14027,2.029,3.08794,4.81684
2017-12-01,1.06554,1.31222,2.80466,3.40902,2.17677,2.04072,3.13657,4.76228
2017-12-08,1.06554,1.30826,2.80929,3.43529,2.18006,2.03719,3.14902,4.76876
2017-12-15,1.06554,1.30982,2.84955,3.45278,2.1936,2.0431,3.17704,4.85969
2017-12-22,1.06554,1.30872,2.87059,3.48657,2.21137,2.05218,3.18896,4.86121
2017-12-29,1.06554,1.31119,2.86488,3.47376,2.21906,2.06867,3.18121,4.81147
2018-01-05,1.06554,1.32071,2.9757,3.57809,2.25194,2.0924,3.25941,5.00176
2018-01-12,1.06554,1.32474,3.00676,3.6314,2.28426,2.11337,3.31306,5.08114
2018-01-19,1.06554,1.32527,3.05166,3.66006,2.31219,2.12422,3.34274,5.13829
2018-01-26,1.06554,1.32523,3.13366,3.72679,2.34896,2.15214,3.41629,5.28008
2018-02-02,1.06554,1.29533,2.99024,3.59324,2.3145,2.12091,3.28361,5.08485
2018-02-09,1.05612,1.23362,2.84105,3.41747,2.15518,2.02173,3.11731,4.82198
2018-02-16,1.05794,1.23925,3.01278,3.58105,2.25037,2.07309,3.25571,5.09566
2018-02-23,1.05794,1.23925,3.05259,3.61936,2.246,2.07322,3.27479,5.19482
2018-03-02,1.06045,1.24733,2.99514,3.54441,2.1965,2.0386,3.20767,5.12748
2018-03-09,1.0637,1.26046,3.1136,3.6827,2.27831,2.07942,3.32438,5.34896
2018-03-16,1.0637,1.25884,3.07946,3.63214,2.27748,2.07477,3.2818,5.28286
2018-03-23,1.05347,1.21329,2.87884,3.39585,2.19177,2.04685,3.08851,4.90436
2018-03-30,1.05748,1.24705,2.93434,3.4598,2.16646,2.03092,3.14955,4.95449
2018-04-06,1.0569,1.23971,2.8688,3.40855,2.18555,2.03631,3.1085,4.8462
2018-04-13,1.0569,1.24952,2.94181,3.46679,2.21865,2.06295,3.17348,4.99285
2018-04-20,1.0569,1.24952,2.96065,3.50241,2.23027,2.07074,3.19096,5.02163
2018-04-27,1.05998,1.25875,2.94825,3.50217,2.21525,2.05715,3.19036,5.01513
2018-05-04,1.05998,1.25953,2.97457,3.52169,2.16978,2.03968,3.1839,5.10114
2018-05-11,1.05998,1.26077,3.03978,3.61672,2.25806,2.08233,3.26564,5.24316
2018-05-18,1.05998,1.26077,3.00981,3.62036,2.25358,2.08039,3.24745,5.18128
2018-05-25,1.05998,1.25884,2.97713,3.59445,2.25798,2.07413,3.25727,5.2512
2018-06-01,1.06106,1.26031,2.94203,3.64716,2.26014,2.06874,3.27462,5.34465
2018-06-08,1.06106,1.26368,2.96169,3.70405,2.29697,2.08313,3.32956,5.39724
2018-06-15,1.06106,1.26605,2.89608,3.70205,2.3052,2.08417,3.33176,5.47583
2018-06-22,1.05978,1.25565,2.96176,3.6928,2.29737,2.07908,3.30303,5.43608
2018-06-29,1.05712,1.24403,3.03465,3.6594,2.26787,2.07676,3.26143,5.32229
2018-07-06,1.05566,1.23894,3.03686,3.69051,2.27637,2.08231,3.31121,5.44507
2018-07-13,1.05566,1.24039,3.00046,3.75148,2.32662,2.09379,3.36134,5.5691
2018-07-20,1.05566,1.23464,2.97404,3.72478,2.33162,2.08676,3.36242,5.54988
2018-07-27,1.05566,1.23888,2.99295,3.73471,2.36446,2.09965,3.38334,5.5074
2018-08-03,1.05566,1.25061,2.99225,3.73972,2.35462,2.0919,3.40955,5.58367
2018-08-10,1.05566,1.25178,2.99085,3.73859,2.36229,2.09172,3.40426,5.59732
2018-08-17,1.05612,1.25261,2.96336,3.73335,2.36546,2.09247,3.4271,5.57685
2018-08-24,1.05612,1.26111,3.0518,3.76559,2.38721,2.10877,3.45656,5.65809
2018-08-31,1.05612,1.2595,3.10784,3.78073,2.41555,2.12141,3.49022,5.78739
2018-09-07,1.05648,1.25734,3.03478,3.70305,2.39171,2.10338,3.45764,5.61561
2018-09-14,1.05744,1.27338,3.08074,3.76483,2.42571,2.12013,3.49707,5.70491
2018-09-21,1.05744,1.28034,3.11488,3.79015,2.45369,2.13613,3.52631,5.69623
2018-09-28,1.05744,1.27211,3.16657,3.81634,2.42774,2.12069,3.51097,5.77109
2018-10-05,1.05597,1.25104,3.10628,3.71811,2.42523,2.11999,3.47595,5.5959
2018-10-12,1.04731,1.20094,2.99467,3.58728,2.31706,2.07049,3.33259,5.4148
2018-10-19,1.05049,1.21598,2.93671,3.55616,2.32802,2.06768,3.33622,5.37442
2018-10-26,1.05049,1.2006,2.85698,3.43734,2.29495,2.05239,3.20434,5.17686
2018-11-02,1.05049,1.2036,2.83961,3.5047,2.29495,2.05253,3.28356,5.26135
2018-11-09,1.05049,1.2036,2.82811,3.5047,2.30596,2.05918,3.35445,5.32783
2018-11-16,1.05049,1.21324,2.7293,3.5047,2.25575,2.04588,3.30578,5.20295
2018-11-23,1.05049,1.2077,2.55823,3.5047,2.25575,2.04131,3.17922,4.94545
2018-11-30,1.05049,1.20961,2.66217,3.5047,2.25544,2.05099,3.32897,5.26104
2018-12-07,1.05049,1.20961,2.60616,3.4251,2.13667,2.03853,3.18308,5.01285
2018-12-14,1.05049,1.21581,2.57249,3.40864,2.13667,2.03609,3.14565,5.00354
2018-12-21,1.05049,1.16876,2.33214,3.20304,2.13667,2.02381,2.92386,4.58388
2018-12-28,1.05049,1.16147,2.39459,3.22181,2.13667,2.02122,3.0095,4.76521
2019-01-04,1.05049,1.16144,2.4306,3.20991,2.13667,2.02368,3.06586,4.86677
2019-01-11,1.05049,1.16151,2.50146,3.20991,2.13667,2.02574,3.14592,5.0057
2019-01-18,1.05049,1.15836,2.56441,3.20991,2.13667,2.02595,3.23678,5.14775
2019-01-25,1.05049,1.16224,2.55493,3.20991,2.13667,2.02783,3.22852,5.14464
2019-02-01,1.05049,1.16575,2.58118,3.20991,2.13667,2.04398,3.28051,5.21628
2019-02-08,1.05049,1.1677,2.61314,3.20991,2.10668,2.03679,3.28549,5.25086
2019-02-15,1.05049,1.16959,2.60958,3.20991,2.11475,2.04552,3.36931,5.35615
2019-02-22,1.05049,1.16979,2.62919,3.20991,2.12814,2.05389,3.39081,5.38575
2019-03-01,1.05049,1.16145,2.60116,3.21355,2.14597,2.05122,3.40635,5.43248
2019-03-08,1.04858,1.16082,2.63009,3.16985,2.08857,2.02569,3.33396,5.33217
2019-03-15,1.05197,1.16753,2.6674,3.24926,2.15619,2.04844,3.43222,5.55583
2019-03-22,1.05197,1.17083,2.69941,3.24648,2.17679,2.06045,3.40708,5.5725
2019-03-29,1.05197,1.17463,2.71958,3.27391,2.17041,2.05573,3.44649,5.60683
2019-04-05,1.05197,1.17395,2.71604,3.28331,2.21291,2.07466,3.5208,5.76287
2019-04-12,1.05197,1.17063,2.69849,3.31026,2.2289,2.08349,3.54019,5.79938
2019-04-19,1.05197,1.15897,2.61951,3.32077,2.22966,2.08065,3.53849,5.84807
2019-04-26,1.05197,1.16814,2.67596,3.34896,2.24504,2.08194,3.57985,5.9498
2019-05-03,1.05197,1.17058,2.68161,3.35533,2.25057,2.08193,3.58741,5.96416
2019-05-10,1.05369,1.15943,2.63814,3.26126,2.19523,2.05139,3.51506,5.77348
2019-05-17,1.05192,1.13887,2.65197,3.22737,2.19154,2.05315,3.48749,5.71231
2019-05-24,1.05192,1.13637,2.64668,3.15775,2.18078,2.04176,3.45015,5.56002
2019-05-31,1.04892,1.10443,2.59461,3.09402,2.12283,2.0255,3.35852,5.42863
2019-06-07,1.05413,1.1307,2.68719,3.09444,2.14083,2.05098,3.50957,5.64989
2019-06-14,1.05413,1.1307,2.71222,3.09444,2.16576,2.05932,3.52921,5.69983
2019-06-21,1.05413,1.13328,2.72858,3.09444,2.21294,2.0911,3.60449,5.88489
2019-06-28,1.05413,1.13524,2.6783,3.09444,2.20128,2.08251,3.59223,5.84067
2019-07-05,1.05413,1.14512,2.73439,3.09576,2.23784,2.09912,3.65917,5.97547
2019-07-12,1.05413,1.15283,2.73831,3.14308,2.25597,2.10015,3.68602,6.05304
2019-07-19,1.05413,1.15189,2.71573,3.10846,2.2574,2.11025,3.64336,5.97422
2019-07-26,1.05413,1.15452,2.72523,3.15873,2.26282,2.11022,3.7027,6.10808
2019-08-02,1.0505,1.12703,2.72107,3.08289,2.21083,2.08169,3.58757,5.85974
2019-08-09,1.05037,1.12321,2.74974,3.08982,2.20128,2.09222,3.57531,5.83285
2019-08-16,1.05037,1.12321,2.79632,3.11143,2.15538,2.07212,3.54135,5.80126
2019-08-23,1.05037,1.12321,2.78429,3.08876,2.18879,2.0789,3.49231,5.6946
2019-08-30,1.05037,1.13033,2.8363,3.15711,2.21362,2.09415,3.58549,5.8635
2019-09-06,1.05037,1.13104,2.80195,3.19674,2.24333,2.10402,3.65415,5.99236
2019-09-13,1.05037,1.11122,2.73316,3.18748,2.2705,2.10499,3.69142,6.02207
2019-09-20,1.05037,1.12059,2.80707,3.19639,2.27025,2.09732,3.67385,5.96765
2019-09-27,1.04745,1.11034,2.81276,3.21674,2.25112,2.0835,3.63838,5.86153
2019-10-04,1.05365,1.1145,2.86284,3.23096,2.20056,2.05904,3.62545,5.91732
2019-10-11,1.0529,1.10414,2.81156,3.22053,2.23933,2.06751,3.64922,5.9894
2019-10-18,1.0529,1.10186,2.81113,3.20832,2.25762,2.07748,3.67003,6.00758
2019-10-25,1.0529,1.10178,2.84144,3.24691,2.26556,2.09101,3.71474,6.13137
2019-11-01,1.0529,1.11386,2.85353,3.2665,2.30471,2.10747,3.77066,6.2326
2019-11-08,1.0529,1.09263,2.74608,3.23878,2.32648,2.09786,3.80515,6.30656
2019-11-15,1.0529,1.10541,2.78713,3.28202,2.35082,2.11156,3.84025,6.35921
2019-11-22,1.0529,1.10515,2.80067,3.2756,2.35135,2.10886,3.83003,6.32537
2019-11-29,1.0529,1.11528,2.80573,3.30921,2.37984,2.12205,3.87129,6.42785
2019-12-06,1.05501,1.13214,2.75909,3.30751,2.37425,2.11439,3.87819,6.42471
2019-12-13,1.05501,1.12773,2.80303,3.34701,2.39504,2.1318,3.90837,6.49335
2019-12-20,1.05501,1.12971,2.81866,3.39827,2.43408,2.1579,3.96979,6.63501
2019-12-27,1.05501,1.12971,2.86496,3.41623,2.45899,2.18196,3.99615,6.70906
2020-01-03,1.05501,1.13193,2.88671,3.40589,2.4394,2.17763,3.99058,6.72697
2020-01-10,1.05501,1.13474,2.92543,3.44589,2.48596,2.18648,4.03143,6.86045
2020-01-17,1.05501,1.12925,2.99577,3.5115,2.51945,2.2072,4.10866,7.01592
2020-01-24,1.05501,1.11382,2.98588,3.46901,2.52507,2.19969,4.0693,6.99456
2020-01-31,1.05605,1.09477,2.91928,3.39013,2.48376,2.17785,3.98216,6.88055
2020-02-07,1.05605,1.11442,3.00398,3.48234,2.52796,2.20073,4.11176,7.19872
2020-02-14,1.05605,1.11536,3.07673,3.549,2.56358,2.22187,4.17859,7.36958
2020-02-21,1.05605,1.11286,3.03075,3.51237,2.54809,2.22407,4.1276,7.23232
2020-02-28,1.03791,1.02489,2.69399,3.12399,2.19284,2.07121,3.66691,6.46377
2020-03-06,1.04644,1.05581,2.77836,3.14691,2.08055,2.08064,3.68177,6.53349
2020-03-13,1.04644,1.03878,2.52526,3.14691,2.07951,2.00328,3.33347,6.04102
2020-03-20,1.04644,1.00749,2.15897,3.14691,2.07951,1.99696,2.84859,5.36135
2020-03-27,1.04644,1.03304,2.42311,3.14691,2.07951,2.00534,3.15511,5.83231
2020-04-03,1.04644,1.03304,2.39121,3.14691,2.07951,2.00758,3.09,5.77156
2020-04-10,1.04644,1.03485,2.49118,3.14691,2.07951,2.00765,3.46363,6.32206
2020-04-17,1.04644,1.04046,2.54327,3.14691,2.07951,2.02769,3.56871,6.77624
2020-04-24,1.04644,1.04046,2.57279,3.14691,2.07951,2.01913,3.52301,6.7306
2020-05-01,1.04644,1.04073,2.54993,3.14691,2.07951,2.01793,3.52077,6.69598
2020-05-08,1.04644,1.04037,2.53205,3.14691,2.07951,2.02597,3.64092,7.07745
2020-05-15,1.04644,1.0426,2.56756,3.14691,2.07951,2.02583,3.56422,7.02741
2020-05-22,1.04644,1.0426,2.55736,3.14691,2.07951,2.03236,3.67827,7.22853
2020-05-29,1.04644,1.0426,2.54627,3.14691,2.08081,2.04061,3.78882,7.34499
2020-06-05,1.04644,1.03302,2.51303,3.25424,2.18243,2.06034,3.97583,7.54423
2020-06-12,1.0436,1.03412,2.55189,3.12544,2.12058,2.02536,3.78745,7.42431
2020-06-19,1.05018,1.05426,2.58421,3.20534,2.17089,2.03491,3.85952,7.68744
2020-06-26,1.05018,1.05436,2.6085,3.14369,2.11554,2.0226,3.7521,7.57406
2020-07-03,1.05018,1.0614,2.63281,3.27156,2.17137,2.03895,3.90441,7.95147
2020-07-10,1.05018,1.0614,2.68259,3.3231,2.17185,2.05448,3.97144,8.32289
2020-07-17,1.05018,1.0614,2.67942,3.37029,2.22416,2.06794,4.02308,8.17943
2020-07-24,1.05018,1.0614,2.72659,3.35933,2.21773,2.08969,4.01258,8.05772
2020-07-31,1.05018,1.0614,2.81232,3.43028,2.25194,2.1086,4.08311,8.38028
2020-08-07,1.05018,1.0614,2.84245,3.49874,2.30293,2.1479,4.18377,8.55936
2020-08-14,1.05018,1.05213,2.80894,3.53129,2.32456,2.14679,4.21216,8.58112
2020-08-21,1.05018,1.06646,2.89361,3.59495,2.335,2.1459,4.24517,8.88727
2020-08-28,1.05018,1.07766,2.94647,3.69785,2.4146,2.17729,4.38398,9.22338
2020-09-04,1.05018,1.08213,2.81746,3.6467,2.39173,2.16228,4.28381,8.94119
2020-09-11,1.04791,1.07403,2.72662,3.59892,2.32048,2.1367,4.17739,8.5272
2020-09-18,1.05219,1.08856,2.70623,3.58184,2.32665,2.14905,4.1513,8.41432
2020-09-25,1.05404,1.07711,2.60643,3.55053,2.23792,2.07597,4.1272,8.5622
2020-10-02,1.05683,1.09428,2.6545,3.60843,2.30119,2.10614,4.19135,8.64891
2020-10-09,1.05683,1.0907,2.78307,3.76566,2.39735,2.17355,4.35469,9.00834
2020-10-16,1.05683,1.09123,2.75869,3.76633,2.42093,2.17724,4.36022,9.09663
2020-10-23,1.05814,1.09074,2.74753,3.73472,2.39991,2.17122,4.34126,8.97776
2020-10-30,1.0578,1.05162,2.60201,3.52059,2.27746,2.09363,4.0997,8.49346
2020-11-06,1.06695,1.08318,2.83549,3.76259,2.42766,2.18522,4.39625,9.28896
2020-11-13,1.06695,1.08318,2.78569,3.85503,2.46471,2.20646,4.49594,9.17293
2020-11-20,1.06695,1.08271,2.75927,3.88474,2.48018,2.22186,4.46116,9.15559
2020-11-27,1.06695,1.07928,2.75045,3.99121,2.52416,2.24973,4.56587,9.42769
2020-12-04,1.06695,1.09353,2.85218,4.01314,2.54831,2.26484,4.64346,9.63295
2020-12-11,1.06695,1.09388,2.81836,3.97165,2.53152,2.26458,4.59889,9.51724
2020-12-18,1.06814,1.1066,2.94598,4.03922,2.5846,2.31188,4.6548,9.77609
2020-12-25,1.06814,1.10694,2.95451,4.03895,2.56446,2.29492,4.65253,9.77802
2021-01-01,1.06814,1.11098,3.00073,4.07258,2.59024,2.31406,4.71406,9.91005
2021-01-08,1.06814,1.1195,2.98078,4.22993,2.65162,2.37662,4.80711,10.0771
2021-01-15,1.06814,1.12118,2.90941,4.19702,2.62466,2.36845,4.73701,9.85067
2021-01-22,1.06814,1.12403,3.02344,4.14655,2.66319,2.36872,4.82754,10.279
2021-01-29,1.06447,1.07881,3.01101,3.95522,2.61707,2.35194,4.66603,9.93595
2021-02-05,1.07138,1.11028,3.11804,4.18346,2.70464,2.41503,4.88844,10.4666
2021-02-12,1.07138,1.11028,3.17463,4.22995,2.71614,2.43266,4.9506,10.6274
2021-02-19,1.07138,1.11303,3.13448,4.23882,2.73161,2.44763,4.91769,10.4559
2021-02-26,1.07436,1.08998,3.01326,4.11082,2.67782,2.42894,4.79577,9.92268
2021-03-05,1.07436,1.10493,2.95255,4.32863,2.65072,2.42084,4.837,9.75022
2021-03-12,1.07436,1.12693,3.05517,4.44128,2.73161,2.47327,4.9685,9.96438
2021-03-19,1.07436,1.12775,3.0319,4.29983,2.72524,2.45277,4.92684,9.8911
2021-03-26,1.07436,1.12673,3.06719,4.38554,2.73258,2.45563,5.00906,9.99404
2021-04-02,1.07436,1.12474,3.14906,4.38988,2.7848,2.4772,5.06763,10.2651
2021-04-09,1.07436,1.12474,3.16467,4.38196,2.85463,2.49983,5.20526,10.6617
2021-04-16,1.07436,1.13167,3.22576,4.40799,2.91656,2.55207,5.27825,10.8167
2021-04-23,1.07436,1.14749,3.24245,4.38807,2.88594,2.53463,5.27167,10.7347
2021-04-30,1.07436,1.15516,3.22463,4.48519,2.91922,2.55879,5.27876,10.6895
2021-05-07,1.07436,1.15917,3.32185,4.72134,2.93501,2.58296,5.33973,10.5697
2021-05-14,1.07927,1.18214,3.30745,4.71214,2.88832,2.56372,5.26965,10.3226
2021-05-21,1.07854,1.17781,3.28023,4.63485,2.9139,2.57785,5.2489,10.3423
2021-05-28,1.07854,1.18774,3.36621,4.68378,2.94256,2.60171,5.31342,10.5611
2021-06-04,1.07854,1.18312,3.44181,4.81292,2.94102,2.62073,5.3458,10.6139
2021-06-11,1.07854,1.18227,3.45791,4.73242,2.96514,2.6334,5.36743,10.7923
2021-06-18,1.07854,1.13187,3.34766,4.45139,2.92498,2.57355,5.26582,10.8363
2021-06-25,1.08041,1.15296,3.49983,4.66305,2.98676,2.61903,5.41418,11.0651
2021-07-02,1.08041,1.15296,3.49827,4.65957,3.02723,2.63138,5.50442,11.3558
2021-07-09,1.08041,1.1764,3.46484,4.60097,3.03326,2.61572,5.52726,11.4308
2021-07-16,1.08041,1.15934,3.35914,4.4346,3.05766,2.62142,5.47421,11.3228
2021-07-23,1.08453,1.18459,3.39444,4.46164,3.06825,2.61506,5.58336,11.6585
2021-07-30,1.08453,1.18459,3.4375,4.49338,3.07099,2.62938,5.56521,11.5435
2021-08-06,1.08453,1.186,3.38559,4.55037,3.10037,2.63277,5.61572,11.6537
2021-08-13,1.08453,1.18567,3.36865,4.59819,3.12484,2.64553,5.65925,11.6781
2021-08-20,1.08794,1.1632,3.16661,4.42023,3.08726,2.59673,5.62676,11.6436
2021-08-27,1.08873,1.19303,3.40974,4.61084,3.13557,2.63226,5.7142,11.9067
2021-09-03,1.08873,1.19406,3.39481,4.58453,3.16966,2.66138,5.75012,12.0818
2021-09-10,1.08592,1.18571,3.36454,4.49456,3.16306,2.64866,5.65316,11.9241
2021-09-17,1.08672,1.18419,3.4361,4.43624,3.13014,2.63426,5.61983,11.8367
2021-09-24,1.08894,1.19245,3.54625,4.42742,3.10566,2.62579,5.65179,11.834
2021-10-01,1.09048,1.18765,3.6434,4.32223,3.03207,2.59604,5.52867,11.4172
2021-10-08,1.08786,1.18479,3.78325,4.35462,3.09187,2.63508,5.57476,11.4482
2021-10-15,1.08786,1.18666,3.85419,4.42245,3.12895,2.67288,5.67674,11.6949
2021-10-22,1.08786,1.18666,3.92347,4.52994,3.1879,2.69414,5.76905,11.8584
2021-10-29,1.08786,1.19088,3.88117,4.57013,3.20718,2.70112,5.84709,12.2391
2021-11-05,1.08786,1.18973,3.87389,4.70073,3.30152,2.74477,5.96525,12.635
2021-11-12,1.08786,1.19357,3.84926,4.62798,3.27226,2.7367,5.9492,12.5114
2021-11-19,1.08786,1.18812,3.6985,4.64751,3.30384,2.73025,5.96983,12.8059
2021-11-26,1.08786,1.19534,3.61736,4.56583,3.2527,2.68833,5.84353,12.4005
2021-12-03,1.08276,1.17529,3.54603,4.5302,3.2304,2.66963,5.77287,12.1447
2021-12-10,1.0878,1.18173,3.74027,4.70823,3.30117,2.70069,5.99338,12.6163
2021-12-17,1.0878,1.17852,3.62973,4.61197,3.25855,2.68591,5.87556,12.2011
2021-12-24,1.0878,1.18638,3.75223,4.7447,3.30938,2.70092,6.01265,12.5978
2021-12-31,1.0878,1.18777,3.80269,4.78139,3.35802,2.73227,6.06836,12.6274
2022-01-07,1.08686,1.17102,4.01313,4.63207,3.30373,2.71758,5.95503,12.0564
2022-01-14,1.0893,1.18269,4.19524,4.58518,3.25601,2.71188,5.93752,12.0611
2022-01-21,1.07962,1.12702,4.18141,4.34392,3.14566,2.67409,5.59588,11.1623
2022-01-28,1.0815,1.12889,4.30158,4.34015,3.09946,2.65451,5.6466,11.1658
2022-02-04,1.08106,1.12724,4.42196,4.56657,3.13382,2.66493,5.73284,11.3629
2022-02-11,1.08106,1.12629,4.45053,4.58865,3.1553,2.66459,5.62756,11.0153
2022-02-18,1.08106,1.12089,4.35887,4.51663,3.03971,2.64452,5.54797,10.8392
2022-02-25,1.08106,1.12479,4.42956,4.52854,3.03819,2.64047,5.59294,10.9744
2022-03-04,1.08106,1.11414,5.00377,4.51936,3.03819,2.68979,5.52165,10.7056
2022-03-11,1.08106,1.10747,4.90758,4.51936,3.03819,2.6891,5.36705,10.2961
2022-03-18,1.08106,1.1273,4.78743,4.51936,3.03819,2.68405,5.69708,11.1559
2022-03-25,1.08106,1.12756,5.13206,4.51936,3.08328,2.71429,5.80179,11.4195
2022-04-01,1.08106,1.12534,4.89091,4.5607,3.09798,2.70339,5.80474,11.499
2022-04-08,1.08106,1.11928,4.97225,4.62877,3.06148,2.69854,5.73617,11.0954
2022-04-15,1.08106,1.11932,5.18481,4.62732,3.02655,2.71853,5.61083,10.7547
2022-04-22,1.08106,1.1187,4.97684,4.46171,3.02655,2.70337,5.46024,10.3406
2022-04-29,1.08106,1.12928,4.99687,4.36843,3.02655,2.68765,5.2803,9.95453
2022-05-06,1.08106,1.13371,5.31688,4.36593,3.02655,2.67681,5.27184,9.82742
2022-05-13,1.08106,1.14185,5.23505,4.36593,3.02655,2.66337,5.14855,9.59512
2022-05-20,1.08106,1.14159,5.26066,4.36593,3.02655,2.66326,4.9936,9.17374
2022-05-27,1.08106,1.14159,5.55493,4.36593,3.02655,2.68035,5.32208,9.82265
2022-06-03,1.08106,1.14159,5.71219,4.36593,3.02655,2.68903,5.26159,9.7305
2022-06-10,1.08106,1.14199,5.73188,4.36593,3.02655,2.68308,4.99578,9.17883
2022-06-17,1.08106,1.07331,5.165,4.36593,3.02655,2.65338,4.70921,8.72916
2022-06-24,1.08106,1.06059,5.03679,4.36593,3.02655,2.63114,5.02096,9.38018
2022-07-01,1.08106,1.06767,5.0032,4.36593,3.02655,2.63527,4.90718,8.98283
2022-07-08,1.08106,1.0765,4.85829,4.36593,3.02655,2.62523,5.00281,9.40374
2022-07-15,1.08106,1.07309,4.64386,4.36593,3.02655,2.61061,4.95725,9.29294
2022-07-22,1.08106,1.07804,4.70801,4.36593,3.02655,2.61586,5.08545,9.61516
2022-07-29,1.08106,1.08199,5.02353,4.36593,3.02655,2.64116,5.30298,10.044
2022-08-05,1.08106,1.09039,4.6881,4.36593,3.02655,2.61301,5.32203,10.2443
2022-08-12,1.08106,1.10866,4.95466,4.36593,3.02655,2.64162,5.49747,10.5194
2022-08-19,1.08106,1.11586,4.94723,4.36593,3.03027,2.64715,5.43363,10.2796
2022-08-26,1.08106,1.11919,5.10033,4.36593,3.03027,2.64379,5.217,9.78868
2022-09-02,1.08106,1.10906,4.85517,4.36593,3.03027,2.62186,5.04876,9.39801
2022-09-09,1.08106,1.11175,4.86402,4.36593,3.03027,2.61353,5.2336,9.77754
2022-09-16,1.08106,1.12175,4.7604,4.36593,3.03027,2.59918,4.98317,9.21175
2022-09-23,1.08106,1.10172,4.45515,4.36593,3.03027,2.58742,4.75557,8.78782
2022-09-30,1.08106,1.08744,4.47964,4.36593,3.03027,2.58105,4.61637,8.52467
2022-10-07,1.08106,1.09494,5.03032,4.36593,3.03027,2.59246,4.68888,8.58336
2022-10-14,1.08106,1.09494,4.83589,4.36593,3.03027,2.58802,4.62219,8.3167
2022-10-21,1.08106,1.09494,4.96435,4.36593,3.03027,2.59067,4.83751,8.78495
2022-10-28,1.08106,1.09494,5.08967,4.36593,3.03027,2.59724,5.02789,8.96995
2022-11-04,1.08106,1.09494,5.30723,4.36593,3.03027,2.59732,4.86413,8.44238
2022-11-11,1.08106,1.09494,5.25349,4.36593,3.03027,2.59541,5.15054,9.18493
2022-11-18,1.08106,1.09494,5.03356,4.36593,3.03027,2.58741,5.11849,9.08477
2022-11-25,1.08106,1.09474,4.96279,4.36593,3.03027,2.60328,5.19991,9.15176
2022-12-02,1.08106,1.09474,5.01769,4.36925,2.98042,2.5911,5.2591,9.33133
2022-12-09,1.08106,1.07997,4.63094,4.27954,2.95797,2.57967,5.08294,8.9961
2022-12-16,1.08106,1.10626,4.72712,4.22078,2.9012,2.55595,4.97632,8.74763
2022-12-23,1.08106,1.10991,4.93338,4.25959,2.9012,2.55465,4.97164,8.54828
2022-12-30,1.08106,1.10991,4.96865,4.24242,2.9012,2.55805,4.96541,8.51374
2023-01-06,1.08106,1.11195,4.77203,4.25036,2.9012,2.5679,5.03877,8.59431
2023-01-13,1.08106,1.11265,5.01821,4.25036,2.87745,2.59485,5.17406,8.98343
2023-01-20,1.08106,1.12377,5.08396,4.25036,2.84488,2.58043,5.14004,9.0381
2023-01-27,1.08106,1.12639,5.02783,4.25036,2.89321,2.6045,5.26729,9.47229
2023-02-03,1.08106,1.12886,4.72455,4.1955,2.95005,2.61634,5.35389,9.78946
2023-02-10,1.08106,1.12902,4.98287,4.23561,2.90898,2.57985,5.29793,9.58228
2023-02-17,1.08106,1.12659,4.77625,4.12892,2.91041,2.56929,5.2878,9.62896
2023-02-24,1.07925,1.11405,4.76922,4.10118,2.83415,2.52758,5.14653,9.33129
2023-03-03,1.08095,1.12328,4.93208,4.19005,2.8649,2.55162,5.24794,9.58164
2023-03-10,1.07803,1.10605,4.72747,3.9027,2.8024,2.50847,5.01059,9.22578
2023-03-17,1.07791,1.08212,4.35383,3.75196,2.73909,2.50052,5.08289,9.76324
2023-03-24,1.07791,1.09357,4.45968,3.79405,2.7281,2.50972,5.15797,9.95544
2023-03-31,1.07791,1.09357,4.73575,3.96108,2.81736,2.53404,5.33574,10.277
2023-04-07,1.07791,1.09357,4.88504,3.88562,2.83205,2.54656,5.33313,10.1847
2023-04-14,1.07791,1.09701,4.92769,3.93004,2.8741,2.56357,5.37575,10.2014
2023-04-21,1.07791,1.10236,4.88504,3.92865,2.86978,2.54787,5.37237,10.1386
2023-04-28,1.08022,1.11175,4.88788,3.94521,2.86491,2.53461,5.42098,10.3291
2023-05-05,1.08208,1.11703,4.78657,3.9239,2.84695,2.52549,5.37797,10.3397
2023-05-12,1.08215,1.11875,4.7206,3.88242,2.87835,2.52422,5.36441,10.4082
2023-05-19,1.08215,1.11587,4.77472,3.96507,2.92534,2.52275,5.45604,10.7759
2023-05-26,1.0848,1.12456,4.70115,3.97085,2.89164,2.49924,5.47429,11.1566
2023-06-02,1.08574,1.12743,4.7113,4.05266,2.95549,2.5238,5.57725,11.3567
2023-06-09,1.08574,1.13067,4.76738,4.10154,2.9935,2.53715,5.60306,11.3519
2023-06-16,1.08574,1.13213,4.87672,4.24485,3.09589,2.57462,5.74893,11.782
2023-06-23,1.08574,1.1286,4.6956,4.18252,3.02538,2.53094,5.66717,11.6253
2023-06-30,1.08574,1.14255,4.83096,4.31672,3.08485,2.55717,5.79891,11.8459
2023-07-07,1.08574,1.14606,4.7549,4.27208,3.06521,2.53649,5.73703,11.744
2023-07-14,1.08574,1.16252,4.92078,4.39077,3.14802,2.60138,5.8774,12.1554
2023-07-21,1.08574,1.16143,4.90977,4.37151,3.17234,2.60179,5.91533,12.0451
2023-07-28,1.08574,1.16766,4.97092,4.40968,3.18575,2.61001,5.97734,12.2968
2023-08-04,1.08374,1.15479,4.8081,4.31339,3.1497,2.5861,5.84508,11.93
2023-08-11,1.08425,1.15166,4.75332,4.27131,3.10253,2.55993,5.82991,11.744
2023-08-18,1.08185,1.13976,4.66077,4.16,3.02845,2.5112,5.71021,11.4839
2023-08-25,1.08404,1.14078,4.72541,4.21197,3.06556,2.52984,5.7556,11.6728
2023-09-01,1.08404,1.14126,4.85315,4.3422,3.16682,2.5848,5.90238,12.1079
2023-09-08,1.08423,1.13909,4.71627,4.26399,3.10902,2.55235,5.82821,11.9473
2023-09-15,1.08482,1.14086,4.67993,4.24931,3.1357,2.56766,5.82054,11.8905
2023-09-22,1.08209,1.12639,4.62245,4.08826,3.03268,2.52937,5.65053,11.4935
2023-09-29,1.08062,1.13149,4.52993,4.07923,3.02721,2.52621,5.61194,11.505
2023-10-06,1.08302,1.12979,4.5474,4.03542,2.95919,2.49143,5.63898,11.7115
2023-10-13,1.08191,1.1495,4.63319,4.08285,3.05204,2.5161,5.66471,11.7301
2023-10-20,1.07937,1.14358,4.59303,3.99254,2.98731,2.51057,5.52936,11.3872
2023-10-27,1.07404,1.12785,4.51197,3.86699,2.91902,2.48825,5.39139,11.0889
2023-11-03,1.07826,1.14239,4.73131,3.93657,2.96245,2.49952,5.70659,11.8082
2023-11-10,1.07826,1.14234,4.83601,3.93657,2.98187,2.48931,5.78431,12.1511
2023-11-17,1.07826,1.14903,4.96106,3.93657,3.0794,2.5081,5.91795,12.3968
2023-11-24,1.07826,1.14903,5.0068,3.93657,3.11244,2.51627,5.97716,12.5082
2023-12-01,1.07826,1.14809,5.03838,3.96146,3.11722,2.53033,6.02704,12.522
2023-12-08,1.07826,1.13894,5.00154,3.92435,3.12878,2.52666,6.04148,12.5937
2023-12-15,1.07826,1.15466,5.11547,4.03692,3.22408,2.58656,6.18632,13.0166
2023-12-22,1.07826,1.15466,5.16781,4.07204,3.25409,2.60236,6.24326,13.1404
2023-12-29,1.07826,1.15466,5.18545,4.0668,3.27215,2.60682,6.26515,13.184
2024-01-05,1.07797,1.13709,4.99881,3.9964,3.21035,2.5632,6.16774,12.7729
2024-01-12,1.07968,1.14663,5.13914,4.05684,3.28142,2.58692,6.2832,13.1853
2024-01-19,1.08112,1.15826,5.26877,4.12915,3.28012,2.56164,6.359,13.5594
2024-01-26,1.08112,1.16556,5.26328,4.17798,3.34838,2.58319,6.42464,13.6441
2024-02-02,1.08112,1.17115,5.33957,4.20484,3.36252,2.5822,6.51612,13.8115
2024-02-09,1.08112,1.17115,5.44796,4.26739,3.42563,2.5961,6.60641,14.0703
2024-02-16,1.08112,1.17196,5.36611,4.26617,3.44527,2.60785,6.58413,13.8617
2024-02-23,1.08112,1.18664,5.43859,4.33119,3.49726,2.62627,6.69406,14.0616
2024-03-01,1.08112,1.18846,5.56175,4.34451,3.49527,2.63953,6.75997,14.3459
2024-03-08,1.08112,1.18781,5.50014,4.34191,3.53977,2.68068,6.74507,14.1337
2024-03-15,1.08112,1.18438,5.46262,4.33296,3.5146,2.66177,6.74104,13.9695
2024-03-22,1.08112,1.19155,5.59889,4.4354,3.59657,2.7055,6.89151,14.3897
2024-03-29,1.08112,1.19155,5.58122,4.45802,3.60415,2.71741,6.9161,14.3133
2024-04-05,1.08268,1.18959,5.52122,4.41775,3.54387,2.70416,6.85475,14.1992
2024-04-12,1.08288,1.19084,5.43613,4.32452,3.54325,2.70964,6.75453,14.1282
2024-04-19,1.07857,1.1757,5.23641,4.21534,3.44041,2.64628,6.54707,13.3668
2024-04-26,1.08131,1.18082,5.3894,4.30867,3.48801,2.67416,6.72028,13.8939
2024-05-03,1.08131,1.17318,5.41566,4.31616,3.52114,2.67921,6.76034,14.0383
2024-05-10,1.08131,1.18842,5.52602,4.41653,3.5945,2.72928,6.88662,14.2504
2024-05-17,1.08131,1.18842,5.65198,4.48103,3.64272,2.75841,7.00046,14.5631
2024-05-24,1.08131,1.1749,5.66974,4.46446,3.63611,2.72962,7.00033,14.7627
2024-05-31,1.08276,1.18658,5.59547,4.41804,3.60677,2.71685,6.97296,14.5293
2024-06-07,1.08333,1.19438,5.56633,4.35132,3.67613,2.70986,7.06075,14.9242
2024-06-14,1.08333,1.18655,5.58868,4.30782,3.72587,2.71727,7.17671,15.4474
2024-06-21,1.08333,1.19177,5.71192,4.34244,3.76222,2.74532,7.22281,15.4793
2024-06-28,1.08333,1.19396,5.72286,4.31805,3.78129,2.74725,7.21896,15.4693
2024-07-05,1.08333,1.20366,5.94082,4.38424,3.81315,2.76624,7.35718,16.0198
2024-07-12,1.08333,1.21563,5.96177,4.47652,3.85364,2.80469,7.42815,15.9766
2024-07-19,1.08333,1.19991,5.77167,4.38666,3.81764,2.79088,7.28224,15.3444
2024-07-26,1.08262,1.19282,5.67206,4.39883,3.74757,2.76625,7.22188,14.9482
2024-08-02,1.08324,1.20794,5.49896,4.3687,3.70244,2.75792,7.06881,14.4891
2024-08-09,1.08743,1.25203,5.51409,4.38585,3.66139,2.72828,7.07,14.5427
2024-08-16,1.08743,1.25203,5.82825,4.48054,3.81073,2.78813,7.3528,15.3376
2024-08-23,1.08743,1.25203,5.89843,4.54981,3.86678,2.8214,7.45654,15.4981
2024-08-30,1.08743,1.24885,5.85654,4.63733,3.87535,2.83121,7.4771,15.3776
2024-09-06,1.08743,1.2414,5.6568,4.57699,3.8005,2.79974,7.16776,14.4871
2024-09-13,1.08883,1.25818,5.84279,4.65501,3.86802,2.83716,7.45494,15.3476
2024-09-20,1.08883,1.25818,5.95041,4.70856,3.93624,2.87161,7.56084,15.5768
2024-09-27,1.08883,1.26063,5.97972,4.72236,3.97471,2.90118,7.60368,15.7381
2024-10-04,1.08883,1.2634,6.00126,4.69116,3.9675,2.88319,7.62377,15.7565
2024-10-11,1.08883,1.27667,6.09191,4.64167,3.99315,2.87255,7.71159,15.9518
2024-10-18,1.08883,1.27456,6.18892,4.72879,4.04875,2.90024,7.77825,15.9877
2024-10-25,1.08837,1.2649,6.15643,4.68599,4.031,2.8843,7.7044,16.0152
2024-11-01,1.08835,1.25314,6.0373,4.63263,3.96036,2.84974,7.59796,15.7601
2024-11-08,1.09515,1.27695,6.2969,4.83036,4.13262,2.90312,7.9592,16.6237
2024-11-15,1.09515,1.25825,6.28331,4.7954,4.08791,2.86271,7.79368,16.0556
2024-11-22,1.09762,1.28345,6.43005,4.90088,4.11522,2.89473,7.92354,16.3537
2024-11-29,1.09762,1.28345,6.51443,4.95085,4.15682,2.91933,8.01721,16.4814
2024-12-06,1.09762,1.27236,6.4845,4.94434,4.21075,2.92287,8.0872,17.0227
2024-12-13,1.09762,1.24438,6.42115,4.90068,4.20354,2.89398,8.0393,17.1536
2024-12-20,1.09817,1.20738,6.29357,4.77775,4.04638,2.81823,7.89201,16.7698
2024-12-27,1.09988,1.2083,6.29379,4.80272,4.15606,2.84747,7.94354,16.9232
2025-01-03,1.10073,1.21444,6.3195,4.77516,4.08644,2.83011,7.90269,16.7943
2025-01-10,1.10223,1.22479,6.26385,4.66699,4.07496,2.8338,7.74969,16.4254
2025-01-17,1.10223,1.26885,6.48863,4.88866,4.15203,2.86952,7.97785,16.8966
2025-01-24,1.10223,1.26665,6.58823,4.92792,4.2414,2.88624,8.11656,17.1521
2025-01-31,1.10223,1.25701,6.59571,4.92993,4.22533,2.87598,8.03445,16.9144
2025-02-07,1.10223,1.25577,6.59634,4.88437,4.22109,2.8788,8.02043,16.9348
2025-02-14,1.10223,1.26579,6.65726,4.89645,4.24231,2.89221,8.13965,17.4281
2025-02-21,1.10223,1.25843,6.64516,4.76962,4.24384,2.89488,8.00935,17.0372
2025-02-28,1.09925,1.24156,6.52936,4.81555,4.07274,2.8262,7.93246,16.4572
2025-03-07,1.09987,1.2396,6.49679,4.61164,3.97077,2.80396,7.68868,15.9267
2025-03-14,1.09987,1.23843,6.61286,4.5588,3.88884,2.79296,7.51366,15.5339
2025-03-21,1.09987,1.24079,6.62666,4.59086,3.88884,2.80434,7.55193,15.5721
2025-03-28,1.09987,1.24887,6.74366,4.58524,3.83012,2.80118,7.44052,15.2093
2025-04-04,1.09987,1.21892,6.18759,4.61368,3.83012,2.71397,6.76591,13.7086
2025-04-11,1.09987,1.24295,6.59726,4.61368,3.83012,2.66826,7.14968,14.7377
2025-04-18,1.09987,1.24588,6.68687,4.61368,3.83012,2.67468,7.04885,14.4037
2025-04-25,1.09987,1.24588,6.775,4.61368,3.83012,2.67962,7.3733,15.3267
2025-05-02,1.09987,1.23961,6.72606,4.61368,3.83012,2.69097,7.58915,15.8544
2025-05-09,1.09987,1.25838,6.84864,4.61368,3.83012,2.69691,7.55675,15.8265
2025-05-16,1.09987,1.26426,6.79567,4.61368,3.87966,2.70736,7.95659,16.9144
2025-05-23,1.09842,1.25829,6.92846,4.61368,3.77946,2.69057,7.75452,16.5164
2025-05-30,1.10301,1.2827,6.89,4.61368,3.86444,2.70889,7.89218,16.8365
2025-06-06,1.10301,1.28169,6.96311,4.60782,3.92828,2.73532,8.02274,17.1871
2025-06-13,1.10301,1.28392,6.99256,4.55847,3.92723,2.74885,7.99408,17.0911
2025-06-20,1.10301,1.28185,6.94639,4.55968,3.93806,2.75252,7.98118,17.0869
2025-06-27,1.10301,1.28757,6.99192,4.63561,4.03348,2.75295,8.25824,17.7964
2025-07-04,1.10301,1.29824,7.1005,4.71139,4.09646,2.7869,8.39832,18.0604
2025-07-11,1.10301,1.29913,7.08693,4.70062,4.09837,2.78623,8.37522,17.9948
2025-07-18,1.10301,1.30729,7.13582,4.7499,4.14155,2.80154,8.4284,18.224
2025-07-25,1.10301,1.30973,7.19104,4.8285,4.17965,2.81528,8.55626,18.3899
2025-08-01,1.10129,1.29792,7.12302,4.72443,4.1218,2.78296,8.3497,17.9844
2025-08-08,1.10472,1.31114,7.26517,4.79673,4.17287,2.79688,8.55733,18.6556
2025-08-15,1.10472,1.30902,7.22307,4.78095,4.25139,2.8132,8.6414,18.7461
2025-08-22,1.10665,1.32672,7.35777,4.79721,4.19722,2.80461,8.66652,18.5718
2025-08-29,1.1061,1.32292,7.4949,4.75373,4.26113,2.83624,8.66302,18.5208
2025-09-05,1.1061,1.33727,7.71508,4.72427,4.28752,2.85178,8.69244,18.7046
2025-09-12,1.1061,1.34077,7.86524,4.8176,4.32779,2.87968,8.82902,19.0488
2025-09-19,1.1061,1.34038,7.97285,4.87222,4.37101,2.8864,8.93821,19.4608
2025-09-26,1.1061,1.34019,8.21132,4.92042,4.3524,2.88879,8.91289,19.3735
2025-10-03,1.1061,1.3395,8.40047,4.97101,4.42156,2.92237,9.01241,19.6079
2025-10-10,1.1061,1.33162,8.53276,4.82259,4.43568,2.92691,8.79438,19.1632
2025-10-17,1.10794,1.34897,8.79003,4.92023,4.35233,2.92613,8.9475,19.6323
2025-10-24,1.10794,1.35397,8.55458,5.02709,4.46426,2.95815,9.12069,20.0604
2025-10-31,1.10794,1.36844,8.44398,5.08607,4.52088,2.93662,9.18546,20.4495
2025-11-07,1.10794,1.37857,8.28656,4.96339,4.40783,2.90752,9.03611,19.8211
2025-11-14,1.10794,1.39492,8.47484,4.91386,4.39114,2.91624,9.04904,19.7925
2025-11-21,1.10681,1.38511,8.2811,4.76582,4.32296,2.88054,8.87531,19.1817
2025-11-28,1.10991,1.3984,8.88238,4.96067,4.4933,2.96672,9.20338,20.1303
2025-12-05,1.10991,1.3984,8.97373,4.95928,4.52372,2.98467,9.23435,20.3328
2025-12-12,1.10991,1.401,9.19488,4.91912,4.54154,3.01159,9.18142,19.9472
2025-12-19,1.11143,1.40082,9.51196,4.88887,4.47831,2.98762,9.19275,20.0587
2025-12-26,1.11242,1.41094,10.2896,4.94848,4.57131,3.04362,9.32404,20.3072
2026-01-02,1.11149,1.40814,9.92312,4.90777,4.53867,3.02503,9.2276,19.9567
2026-01-09,1.11292,1.41851,10.4399,5.03092,4.57124,3.07926,9.37483,20.3971
2026-01-16,1.11292,1.42042,10.9683,4.9793,4.59129,3.12428,9.34227,20.2216
2026-01-23,1.11548,1.42865,11.9342,5.00319,4.55482,3.15648,9.30945,20.2691
2026-01-30,1.11548,1.43163,10.9617,4.9335,4.57892,3.17629,9.34646,20.2415
2026-02-06,1.11836,1.46476,10.8407,5.12848,4.51054,3.13898,9.32823,19.8437
2026-02-13,1.11776,1.48406,10.9412,5.22394,4.51207,3.18027,9.20842,19.5921
2026-02-20,1.11834,1.48505,11.4003,5.22062,4.51624,3.20694,9.31215,19.8164
2026-02-27,1.11834,1.49001,11.9462,5.30546,4.52133,3.24837,9.26569,19.7669
2026-03-06,1.11519,1.49254,11.0865,5.12146,4.45726,3.21236,9.08186,19.5215
2026-03-13,1.11188,1.5026,10.7963,5.10127,4.42986,3.22234,8.94557,19.3252
2026-03-20,1.11377,1.47483,9.80825,5.0269,4.35727,3.16984,8.78418,18.9457
2026-03-27,1.11377,1.49144,9.88273,5.19506,4.36544,3.14815,8.58806,18.3347
2026-04-03,1.11377,1.49365,10.1872,5.19702,4.36544,3.1799,8.88251,19.0647
2026-04-10,1.11377,1.47943,10.6562,5.19702,4.40517,3.2462,9.20255,19.915
2026-04-17,1.11377,1.46619,11.1441,5.19702,4.56565,3.27788,9.61808,21.1463
2026-04-24,1.11377,1.47036,10.8029,5.19702,4.59546,3.30019,9.66955,21.6361
2026-05-01,1.11377,1.49495,10.6491,5.15611,4.66335,3.33199,9.76043,21.9708
2026-05-08,1.11377,1.49309,10.4801,5.07418,4.7518,3.35363,9.99027,23.1793
2026-05-15,1.11377,1.49987,10.8582,5.12279,4.79615,3.34935,10.0113,23.1043
2026-05-22,1.11377,1.49791,10.6448,5.12758,4.82492,3.35674,10.0989,23.3849
2026-05-29,1.11377,1.48641,10.1586,5.07604,4.88738,3.36511,10.2457,24.0618
2026-06-05,1.11377,1.50705,9.85001,4.97352,4.86417,3.34121,9.98932,22.9782
2026-06-12,1.11275,1.50545,9.56565,5.06106,4.78917,3.31307,10.0462,23.5088
2026-06-19,1.11275,1.49088,9.10218,4.99517,4.84721,3.29891,10.1398,24.1371
2026-06-26,1.11275,1.49188,8.42573,4.91945,4.72527,3.27364,9.89882,23.0511
2026-07-03,1.11275,1.49921,8.37741,4.85829,4.84487,3.28827,10.1132,23.2495
2026-07-10,1.11275,1.51829,8.52538,4.9435,4.87502,3.29459,10.2513,23.6707
2026-07-17,1.11275,1.52499,8.61488,4.91216,4.81039,3.30283,10.093,22.686
2026-07-24,1.11263,1.53531,9.05505,5.00343,4.78725,3.3332,10.0338,22.3238
2026-07-31,1.11501,1.56198,8.83371,4.97159,4.82724,3.32955,10.1438,22.4465
2026-08-07,1.11501,1.56422,9.1818,5.07548,4.99799,3.35045,10.5,23.5897
2026-08-14,1.11501,1.59153,9.31266,5.23046,5.04673,3.39304,10.5418,23.8521
2026-08-21,1.11501,1.57908,9.46104,5.15856,4.96577,3.40298,10.3976,23.2769
2026-08-28,1.11501,1.59818,9.35112,5.12581,5.00278,3.39552,10.4469,23.3744
2026-09-04,1.11758,1.62195,9.42964,5.16427,5.0044,3.39041,10.4583,23.457
2026-09-11,1.11735,1.61667,9.75254,5.17115,4.95715,3.39077,10.3782,23.3238
2026-09-18,1.11569,1.61091,9.8012,5.12591,4.9473,3.37914,10.3685,23.5382
2026-09-25,1.11569,1.62374,9.55394,5.11549,4.99584,3.3728,10.5,24.3155
2026-10-02,1.11569,1.61767,9.43818,5.05823,5.00754,3.36099,10.4767,24.4815
2026-10-09,1.11569,1.62537,9.57976,5.07536,5.03535,3.36747,10.5799,24.7476
