year,trades,win_rate,avg_ret,strategy
2004,6,0.833333,0.00146993,SPY RSI2<10 超卖 | 收盘>SMA5出场
2005,11,0.545455,-0.00139774,SPY RSI2<10 超卖 | 收盘>SMA5出场
2006,10,0.8,0.00479073,SPY RSI2<10 超卖 | 收盘>SMA5出场
2007,8,0.625,-0.00386645,SPY RSI2<10 超卖 | 收盘>SMA5出场
2009,6,0.833333,0.016013,SPY RSI2<10 超卖 | 收盘>SMA5出场
2010,6,0.5,0.00241316,SPY RSI2<10 超卖 | 收盘>SMA5出场
2011,7,0.571429,-0.0152379,SPY RSI2<10 超卖 | 收盘>SMA5出场
2012,15,0.866667,0.0102321,SPY RSI2<10 超卖 | 收盘>SMA5出场
2013,6,0.833333,0.00732992,SPY RSI2<10 超卖 | 收盘>SMA5出场
2014,8,0.625,0.00148318,SPY RSI2<10 超卖 | 收盘>SMA5出场
2015,11,0.545455,0.00337804,SPY RSI2<10 超卖 | 收盘>SMA5出场
2016,6,0.666667,0.00434319,SPY RSI2<10 超卖 | 收盘>SMA5出场
2017,7,0.857143,0.00488299,SPY RSI2<10 超卖 | 收盘>SMA5出场
2018,9,0.555556,-0.00784786,SPY RSI2<10 超卖 | 收盘>SMA5出场
2019,7,0.571429,0.00308082,SPY RSI2<10 超卖 | 收盘>SMA5出场
2020,8,0.875,0.00779452,SPY RSI2<10 超卖 | 收盘>SMA5出场
2021,10,0.7,0.00913669,SPY RSI2<10 超卖 | 收盘>SMA5出场
2022,2,0.5,-0.0154648,SPY RSI2<10 超卖 | 收盘>SMA5出场
2023,11,0.454545,-0.00116483,SPY RSI2<10 超卖 | 收盘>SMA5出场
2024,13,0.769231,0.0076539,SPY RSI2<10 超卖 | 收盘>SMA5出场
2025,8,0.875,0.00709372,SPY RSI2<10 超卖 | 收盘>SMA5出场
2026,10,0.6,0.00147807,SPY RSI2<10 超卖 | 收盘>SMA5出场
2004,120,0.708333,0.00323515,ETF RSI2<10 超卖 | 收盘>SMA5出场
2005,178,0.578652,0.000105521,ETF RSI2<10 超卖 | 收盘>SMA5出场
2006,176,0.710227,0.0026418,ETF RSI2<10 超卖 | 收盘>SMA5出场
2007,190,0.642105,0.00213901,ETF RSI2<10 超卖 | 收盘>SMA5出场
2008,83,0.554217,-0.00677351,ETF RSI2<10 超卖 | 收盘>SMA5出场
2009,161,0.689441,0.00855713,ETF RSI2<10 超卖 | 收盘>SMA5出场
2010,186,0.693548,0.00399577,ETF RSI2<10 超卖 | 收盘>SMA5出场
2011,186,0.629032,-0.00544215,ETF RSI2<10 超卖 | 收盘>SMA5出场
2012,242,0.694215,0.00340554,ETF RSI2<10 超卖 | 收盘>SMA5出场
2013,159,0.704403,0.00328497,ETF RSI2<10 超卖 | 收盘>SMA5出场
2014,188,0.62766,0.00116619,ETF RSI2<10 超卖 | 收盘>SMA5出场
2015,151,0.642384,0.00239219,ETF RSI2<10 超卖 | 收盘>SMA5出场
2016,164,0.670732,0.00222032,ETF RSI2<10 超卖 | 收盘>SMA5出场
2017,189,0.650794,0.00228184,ETF RSI2<10 超卖 | 收盘>SMA5出场
2018,147,0.44898,-0.00715757,ETF RSI2<10 超卖 | 收盘>SMA5出场
2019,161,0.639752,0.000499488,ETF RSI2<10 超卖 | 收盘>SMA5出场
2020,144,0.6875,0.000627371,ETF RSI2<10 超卖 | 收盘>SMA5出场
2021,232,0.689655,0.00521586,ETF RSI2<10 超卖 | 收盘>SMA5出场
2022,81,0.518519,-0.00473524,ETF RSI2<10 超卖 | 收盘>SMA5出场
2023,159,0.584906,0.000246157,ETF RSI2<10 超卖 | 收盘>SMA5出场
2024,244,0.602459,0.00154755,ETF RSI2<10 超卖 | 收盘>SMA5出场
2025,179,0.743017,0.00555725,ETF RSI2<10 超卖 | 收盘>SMA5出场
2026,182,0.703297,0.00316095,ETF RSI2<10 超卖 | 收盘>SMA5出场
2004,18,0.666667,0.013472,ETF 双动量 Top3
2005,36,0.722222,0.0232488,ETF 双动量 Top3
2006,36,0.666667,0.0174945,ETF 双动量 Top3
2007,36,0.555556,0.0132876,ETF 双动量 Top3
2008,35,0.428571,-0.0176498,ETF 双动量 Top3
2009,33,0.575758,0.00697444,ETF 双动量 Top3
2010,36,0.638889,0.0222367,ETF 双动量 Top3
2011,36,0.472222,-0.0127407,ETF 双动量 Top3
2012,36,0.555556,0.00557801,ETF 双动量 Top3
2013,36,0.75,0.0218579,ETF 双动量 Top3
2014,36,0.694444,0.0134075,ETF 双动量 Top3
2015,36,0.472222,-0.00378206,ETF 双动量 Top3
2016,36,0.416667,-0.006521,ETF 双动量 Top3
2017,36,0.694444,0.0173166,ETF 双动量 Top3
2018,36,0.472222,-0.0147182,ETF 双动量 Top3
2019,36,0.583333,0.017027,ETF 双动量 Top3
2020,36,0.527778,0.00721545,ETF 双动量 Top3
2021,36,0.666667,0.0193129,ETF 双动量 Top3
2022,36,0.555556,0.0242859,ETF 双动量 Top3
2023,34,0.558824,0.0054882,ETF 双动量 Top3
2024,36,0.611111,0.0176633,ETF 双动量 Top3
2025,36,0.75,0.0400159,ETF 双动量 Top3
2026,30,0.533333,-0.00068266,ETF 双动量 Top3
2004,6,0.833333,0.0290726,行业ETF轮动 Top3 + SPY>200日线
2005,36,0.583333,0.0137118,行业ETF轮动 Top3 + SPY>200日线
2006,36,0.694444,0.0114961,行业ETF轮动 Top3 + SPY>200日线
2007,36,0.583333,0.00927948,行业ETF轮动 Top3 + SPY>200日线
2009,21,0.619048,0.0296669,行业ETF轮动 Top3 + SPY>200日线
2010,24,0.625,0.00908329,行业ETF轮动 Top3 + SPY>200日线
2011,24,0.458333,-0.000328349,行业ETF轮动 Top3 + SPY>200日线
2012,36,0.611111,0.00403285,行业ETF轮动 Top3 + SPY>200日线
2013,36,0.777778,0.025527,行业ETF轮动 Top3 + SPY>200日线
2014,36,0.583333,0.00431849,行业ETF轮动 Top3 + SPY>200日线
2015,30,0.5,-0.00854106,行业ETF轮动 Top3 + SPY>200日线
2016,27,0.518519,0.0152083,行业ETF轮动 Top3 + SPY>200日线
2017,36,0.666667,0.0100956,行业ETF轮动 Top3 + SPY>200日线
2018,33,0.545455,-0.00658006,行业ETF轮动 Top3 + SPY>200日线
2019,27,0.703704,0.00787036,行业ETF轮动 Top3 + SPY>200日线
2020,27,0.592593,0.0215216,行业ETF轮动 Top3 + SPY>200日线
2021,36,0.638889,0.0141509,行业ETF轮动 Top3 + SPY>200日线
2022,12,0.0833333,-0.0296008,行业ETF轮动 Top3 + SPY>200日线
2023,30,0.433333,-0.00382075,行业ETF轮动 Top3 + SPY>200日线
2024,36,0.666667,0.0139252,行业ETF轮动 Top3 + SPY>200日线
2025,30,0.6,0.00439573,行业ETF轮动 Top3 + SPY>200日线
2026,27,0.444444,0.00358306,行业ETF轮动 Top3 + SPY>200日线
2004,8,0.375,-0.00226105,SPY 200日线择时
2005,7,0.285714,0.00735802,SPY 200日线择时
2006,4,0.25,0.0320136,SPY 200日线择时
2007,8,0.125,-0.010643,SPY 200日线择时
2008,2,0,-0.020561,SPY 200日线择时
2009,1,1,0.152203,SPY 200日线择时
2010,6,0.166667,-4.69935e-05,SPY 200日线择时
2011,6,0.166667,0.00375094,SPY 200日线择时
2012,1,1,0.411644,SPY 200日线择时
2014,1,1,0.0670664,SPY 200日线择时
2015,4,0,-0.0208973,SPY 200日线择时
2016,2,1,0.20766,SPY 200日线择时
2018,4,0,-0.0197382,SPY 200日线择时
2019,3,0.666667,0.00873724,SPY 200日线择时
2020,3,0.333333,0.13812,SPY 200日线择时
2022,7,0.285714,-0.00697228,SPY 200日线择时
2023,5,0.6,0.0682761,SPY 200日线择时
2025,2,0.5,0.062331,SPY 200日线择时
2026,1,1,0.152876,SPY 200日线择时
2004,102,0.303922,0.016161,ETF 趋势组合 (每只>200日线)
2005,113,0.247788,0.00814283,ETF 趋势组合 (每只>200日线)
2006,76,0.302632,0.0210805,ETF 趋势组合 (每只>200日线)
2007,80,0.3125,0.0192783,ETF 趋势组合 (每只>200日线)
2008,108,0.203704,-0.0145798,ETF 趋势组合 (每只>200日线)
2009,74,0.378378,0.0532624,ETF 趋势组合 (每只>200日线)
2010,121,0.297521,0.0193723,ETF 趋势组合 (每只>200日线)
2011,100,0.2,0.0211575,ETF 趋势组合 (每只>200日线)
2012,92,0.304348,0.0284102,ETF 趋势组合 (每只>200日线)
2013,74,0.22973,0.00666816,ETF 趋势组合 (每只>200日线)
2014,69,0.318841,0.0116593,ETF 趋势组合 (每只>200日线)
2015,116,0.12931,-0.0108141,ETF 趋势组合 (每只>200日线)
2016,111,0.351351,0.0371167,ETF 趋势组合 (每只>200日线)
2017,60,0.333333,0.0107984,ETF 趋势组合 (每只>200日线)
2018,117,0.196581,0.00164057,ETF 趋势组合 (每只>200日线)
2019,137,0.240876,-0.00332676,ETF 趋势组合 (每只>200日线)
2020,99,0.30303,0.0707442,ETF 趋势组合 (每只>200日线)
2021,59,0.288136,0.0133972,ETF 趋势组合 (每只>200日线)
2022,128,0.210938,-0.0115522,ETF 趋势组合 (每只>200日线)
2023,166,0.253012,0.0176995,ETF 趋势组合 (每只>200日线)
2024,60,0.283333,0.00353209,ETF 趋势组合 (每只>200日线)
2025,136,0.286765,0.0227884,ETF 趋势组合 (每只>200日线)
2026,63,0.285714,0.0282825,ETF 趋势组合 (每只>200日线)
