strategy,category,description,trades,win_rate,avg_ret,median_ret,avg_win,avg_loss,payoff,profit_factor,worst,t_stat,avg_hold,big_win_rate,best,top5_share,is_trades,is_win_rate,is_avg_ret,is_median_ret,is_avg_win,is_avg_loss,is_payoff,is_profit_factor,is_worst,is_t_stat,is_avg_hold,is_big_win_rate,is_best,is_top5_share,oos_trades,oos_win_rate,oos_avg_ret,oos_median_ret,oos_avg_win,oos_avg_loss,oos_payoff,oos_profit_factor,oos_worst,oos_t_stat,oos_avg_hold,oos_big_win_rate,oos_best,oos_top5_share,years_positive,yearly_win_rate_min,pf_final,pf_worst_year,pf_worst_year_n,pf_best_year,pf_losing_years,pf_n_years,pf_cagr,pf_sharpe,pf_max_dd,pf_vol,pf_calmar,pf_oos_final,pf_oos_worst_year,pf_oos_worst_year_n,pf_oos_best_year,pf_oos_losing_years,pf_oos_n_years,pf_oos_cagr,pf_oos_sharpe,pf_oos_max_dd,pf_oos_vol,pf_oos_calmar,baseline_wr,flags,edge_vs_random
跌破布林下轨 上升趋势 | 回到中轨出场,均值回归,"收盘>200日均线且收盘跌破布林带(20,2)下轨，次日买入；收盘回到20日均线上方卖出，最多15天。",24238,0.65781,0.00649014,0.0195605,0.0429965,-0.0636879,0.675112,1.2978,-0.845278,14.2782,10.2955,4.12575e-05,0.55596,1.04487,16224,0.666605,0.00773914,0.0192196,0.0398472,-0.0564592,0.70577,1.41115,-0.524544,16.1479,10.2339,6.16371e-05,0.55596,0.784052,8014,0.640005,0.00396159,0.0203253,0.049637,-0.0772409,0.642626,1.14247,-0.845278,4.06991,10.4204,0,0.401037,2.0038,0.826087,0.484429,3.37758,-0.211474,2008,0.420045,9,24,0.0535066,0.361563,-0.508165,0.19978,0.105294,1.51061,-0.0747714,2020,0.26379,3,8,0.0545649,0.345879,-0.485386,0.232829,0.112415,0.537389,,0.120421
IBS<0.2 且 RSI2<10 上升趋势 | 收盘>SMA5出场,均值回归,两个超卖条件叠加：IBS<0.2且RSI(2)<10，收盘>200日均线。,51402,0.65227,0.00409541,0.0083211,0.0244696,-0.0341225,0.717111,1.34516,-0.71677,20.7972,3.96325,0.000116727,0.988904,1.12999,34211,0.655637,0.0037907,0.00794178,0.0220458,-0.0309655,0.711949,1.35549,-0.584584,18.1039,3.94072,0,0.392285,1.02153,17191,0.64557,0.00470179,0.0093447,0.0293683,-0.0402267,0.73007,1.32978,-0.71677,11.3029,4.00809,0.00034902,0.988904,1.259,0.826087,0.568823,6.43028,-0.181149,2026,0.379569,6,24,0.082959,0.52381,-0.322753,0.185233,0.257035,1.81937,-0.181149,2026,0.307674,2,8,0.0801287,0.458238,-0.31283,0.223201,0.256142,0.525737,,0.126533
RSI2<5 上升趋势 | 收盘>SMA5出场 | 最长10天,均值回归,收盘>200日均线且RSI(2)<5时次日开盘买入；收盘站上5日均线后次日开盘卖出，最多持有10天。,40741,0.650352,0.00411274,0.00831896,0.0247571,-0.0342862,0.722072,1.34307,-0.608961,18.3781,3.93262,7.36359e-05,1.21547,1.13917,26977,0.656893,0.00415627,0.00815127,0.0224524,-0.0308724,0.727264,1.39238,-0.584584,17.5355,3.89498,0,0.404499,0.952717,13764,0.637533,0.00402742,0.0087857,0.0294115,-0.0406199,0.724067,1.27354,-0.608961,8.52904,4.00639,0.00021796,1.21547,1.46522,0.826087,0.561572,6.45078,-0.154512,2008,0.40374,6,24,0.0831066,0.529713,-0.423312,0.182478,0.196325,1.50102,-0.12058,2026,0.155406,2,8,0.0537,0.348557,-0.385126,0.22035,0.139435,0.525737,,0.124615
RSI2<10 上升趋势 | 收盘>SMA5出场 | 最长10天,均值回归,收盘>200日均线且RSI(2)<10时次日开盘买入；收盘站上5日均线后次日开盘卖出，最多持有10天。,78045,0.648844,0.00340809,0.00788735,0.0236965,-0.0340796,0.69533,1.28478,-0.71677,21.5245,3.92449,6.40656e-05,1.14683,1.31279,51818,0.651627,0.0031907,0.00751047,0.0212898,-0.0306633,0.694307,1.29869,-0.584584,19.1263,3.89992,0,0.392285,1.16195,26227,0.643345,0.00383758,0.00878388,0.0285129,-0.0406725,0.701038,1.26455,-0.71677,11.3983,3.97304,0.000190643,1.14683,1.5058,0.826087,0.550797,4.73744,-0.118106,2012,0.398503,6,24,0.0688821,0.434172,-0.347239,0.199863,0.198371,1.70949,-0.109714,2022,0.374327,2,8,0.0714974,0.405764,-0.345756,0.245323,0.206786,0.525737,,0.123106
RSI2<10 无趋势过滤 | 收盘>SMA5出场,均值回归,不加200日均线过滤的RSI(2)<10，用于对比趋势过滤的作用。,143665,0.64026,0.00339063,0.00842546,0.0279311,-0.0402863,0.693317,1.23396,-0.746994,24.1035,4.01058,0.000132252,2.0645,1.62329,94543,0.641126,0.00298652,0.00792011,0.0256112,-0.0374323,0.684199,1.22232,-0.708572,19.1375,4.00725,5.2886e-05,0.669471,1.62976,49122,0.638594,0.00416841,0.00959296,0.032414,-0.0457406,0.708647,1.25216,-0.746994,14.8278,4.017,0.000285005,2.0645,1.58005,0.958333,0.54899,13.2677,-0.502651,2008,0.930856,5,24,0.117077,0.560921,-0.650136,0.255071,0.180081,4.7872,0.00521516,2025,0.930856,0,8,0.223455,0.788115,-0.540878,0.31997,0.413134,0.525737,,0.114523
RSI2<10 上升趋势 | 收盘>SMA5出场 | 8%止损,均值回归,同RSI2<10，但加8%硬止损，观察止损对胜率与期望的影响。,82708,0.637109,0.00222797,0.00768816,0.0249196,-0.0376104,0.66257,1.16324,-0.509332,14.7711,3.44597,0.000120907,1.69598,2.1415,54307,0.644576,0.00211214,0.00744835,0.0221207,-0.0341742,0.647292,1.17389,-0.329205,13.0143,3.49944,0,0.404499,1.84472,28401,0.62283,0.00244947,0.00822411,0.0304583,-0.0438023,0.69536,1.14827,-0.509332,7.87965,3.34372,0.0003521,1.69598,2.53154,0.869565,0.554705,0.424977,-0.374161,2008,0.444747,13,24,-0.0359824,-0.0679271,-0.75685,0.210099,-0.0475423,0.799372,-0.312438,2025,0.444747,4,8,-0.028428,0.00559265,-0.558402,0.24577,-0.0509096,0.525737,,0.111372
RSI2<5 上升趋势 | 收盘>SMA5出场 | 最长5天,均值回归,收盘>200日均线且RSI(2)<5时次日开盘买入；收盘站上5日均线后次日开盘卖出，最多持有5天。,42106,0.628984,0.00329583,0.00761266,0.024911,-0.0333484,0.746992,1.26638,-0.589967,15.8697,3.34356,4.74992e-05,0.728752,1.40407,27802,0.634846,0.00325833,0.00748769,0.0226315,-0.0304234,0.743886,1.2933,-0.421708,14.5521,3.32537,0,0.404499,1.20717,14304,0.617589,0.00336872,0.00795158,0.0294653,-0.0387771,0.759865,1.22717,-0.589967,7.84601,3.37891,0.000139821,0.728752,1.71756,0.826087,0.540201,2.80817,-0.176424,2008,0.359979,7,24,0.0452099,0.335971,-0.456365,0.180619,0.0990652,1.09898,-0.130907,2022,0.160221,2,8,0.0122299,0.166247,-0.380105,0.220096,0.032175,0.525737,,0.103247
RSI2<10 上升趋势 | 收盘>SMA5出场 | 最长5天,均值回归,收盘>200日均线且RSI(2)<10时次日开盘买入；收盘站上5日均线后次日开盘卖出，最多持有5天。,81925,0.627257,0.00274343,0.00723144,0.0239511,-0.0329451,0.727001,1.22341,-0.465171,18.5645,3.32472,7.32377e-05,1.69598,1.62555,54305,0.630016,0.00238797,0.00690287,0.0214624,-0.0300924,0.713219,1.21448,-0.428041,15.3236,3.31456,0,0.392285,1.53993,27620,0.621832,0.00344232,0.0080277,0.0289086,-0.0384326,0.75219,1.23685,-0.465171,10.983,3.34471,0.000217234,1.69598,1.684,0.869565,0.537879,3.17137,-0.170899,2016,0.710302,9,24,0.0506683,0.349621,-0.513576,0.197352,0.0986579,2.22722,-0.0784538,2022,0.710302,2,8,0.108635,0.550898,-0.294654,0.239915,0.368685,0.525737,,0.101519
5日内从高点回撤>8% 上升趋势 | 收盘>SMA5出场,均值回归,收盘>200日均线，收盘较前5日最高收盘下跌超过8%，次日买入。,22096,0.626856,0.00466922,0.0149338,0.0461549,-0.0650237,0.709817,1.19244,-0.908139,8.18522,4.17121,0.000543085,2.7895,1.75359,11418,0.635663,0.00576183,0.0146444,0.0388323,-0.0519366,0.747687,1.3045,-0.584584,9.77409,4.16351,8.7581e-05,0.801391,1.04066,10678,0.617438,0.00350089,0.0152893,0.0542161,-0.0783511,0.691964,1.1168,-0.908139,3.50814,4.17943,0.00103016,2.7895,2.87177,0.826087,0.55036,0.292364,-0.537999,2021,0.435141,12,24,-0.0513009,-0.0211635,-0.892687,0.304101,-0.057468,0.288849,-0.537999,2021,0.435141,5,8,-0.147804,-0.191919,-0.838891,0.405867,-0.17619,0.525737,,0.101118
5日内从高点回撤>12% 上升趋势 | 收盘>SMA5出场,均值回归,收盘>200日均线，收盘较前5日最高收盘下跌超过12%，次日买入。,7716,0.617159,0.00628125,0.0190898,0.0632584,-0.0855688,0.739269,1.19174,-0.908139,5.02786,4.30067,0.00129601,1.84564,1.72987,3294,0.627505,0.0087721,0.0183957,0.0513581,-0.0629682,0.81562,1.37399,-0.578628,6.45721,4.25956,0.000303582,0.801391,0.873795,4422,0.609453,0.00442579,0.019712,0.0723856,-0.101626,0.712273,1.11151,-0.908139,2.29263,4.3313,0.00203528,1.84564,2.8864,0.826087,0.505576,0.56818,-0.59557,2021,0.532266,11,24,-0.0239187,0.0509923,-0.824378,0.276861,-0.0290142,0.319266,-0.59557,2021,0.532266,5,8,-0.136744,-0.172552,-0.824378,0.39701,-0.165876,0.525737,,0.0914218
IBS<0.1 上升趋势 | IBS>0.7出场,均值回归,收盘>200日均线且当日收盘位于日内区间底部(IBS<0.1)，次日买入；IBS>0.7的次日卖出，最多5天。,140884,0.602545,0.00146207,0.00461767,0.0199238,-0.0265261,0.751102,1.13868,-0.667295,14.8255,2.56539,0.000120667,1.51875,2.63491,90986,0.600279,0.00120972,0.00425008,0.0179294,-0.023899,0.750216,1.12663,-0.555005,11.5883,2.56568,2.19814e-05,0.801391,2.67749,49898,0.606678,0.00192222,0.00548157,0.023522,-0.0313943,0.749246,1.15567,-0.667295,9.45959,2.56485,0.000300613,1.51875,2.52708,0.73913,0.556797,1.32099,-0.305525,2022,0.446094,12,24,0.011993,0.158069,-0.688161,0.190403,0.0174276,0.573126,-0.305525,2022,0.215142,5,8,-0.0691817,-0.212579,-0.688161,0.221968,-0.100531,0.525737,,0.076808
连跌4天 上升趋势 | 首个上涨日出场,均值回归,收盘>200日均线且连续4天收跌，次日开盘买入；出现收涨日后次日开盘卖出，最多10天。,39279,0.598768,0.00209196,0.003635,0.0178583,-0.0214366,0.833079,1.24322,-0.537784,12.9102,1.83421,7.63767e-05,0.760891,1.71983,25680,0.602414,0.0018025,0.00344728,0.01576,-0.0193456,0.814655,1.23435,-0.366865,10.6122,1.8301,0,0.261608,1.62888,13599,0.591882,0.00263858,0.00409026,0.0218914,-0.0252832,0.865847,1.25571,-0.537784,7.74212,1.84197,0.000220604,0.760891,1.77311,0.782609,0.551601,4.82593,-0.237253,2018,0.332987,5,24,0.0697296,0.499502,-0.320797,0.161217,0.217364,2.29464,-0.144259,2022,0.332987,2,8,0.112901,0.648468,-0.269533,0.194576,0.418877,0.525737,,0.0730305
IBS<0.2 上升趋势 | IBS>0.7出场,均值回归,收盘>200日均线且当日收盘位于日内区间底部(IBS<0.2)，次日买入；IBS>0.7的次日卖出，最多5天。,235108,0.596424,0.00100119,0.00426563,0.019617,-0.0265101,0.739982,1.09358,-0.753883,12.9023,2.57856,9.78274e-05,3.00266,3.84156,153516,0.595111,0.000799302,0.00395543,0.0175925,-0.0238835,0.736596,1.08266,-0.555005,9.9782,2.57815,1.3028e-05,0.801391,4.01533,81592,0.598894,0.00138105,0.0050083,0.023402,-0.0314987,0.742953,1.10931,-0.753883,8.36183,2.57935,0.000257378,3.00266,3.56546,0.695652,0.554539,2.27794,-0.361226,2022,0.509181,10,24,0.035885,0.275781,-0.660162,0.202743,0.0543578,0.884793,-0.361226,2022,0.347203,4,8,-0.0156405,0.0513156,-0.660162,0.235885,-0.0236919,0.525737,,0.0706864
连跌5天 上升趋势 | 首个上涨日出场,均值回归,收盘>200日均线且连续5天收跌，次日开盘买入；出现收涨日后次日开盘卖出，最多10天。,16493,0.59504,0.00250143,0.00360668,0.018445,-0.0209257,0.88145,1.29519,-0.438654,9.85412,1.81065,0.000181895,0.599177,1.49804,10717,0.595223,0.00177543,0.00336308,0.0159321,-0.0190418,0.836689,1.23035,-0.363706,6.75151,1.80638,0,0.263517,1.63923,5776,0.594702,0.00384847,0.00414229,0.0231115,-0.0244166,0.946549,1.38889,-0.438654,7.18513,1.81856,0.000519391,0.599177,1.31054,0.782609,0.50947,2.82178,-0.18453,2022,0.353109,8,24,0.0454263,0.40823,-0.32709,0.129481,0.13888,1.73372,-0.18453,2022,0.353109,2,8,0.0734409,0.518492,-0.32709,0.162222,0.224528,0.525737,,0.069303
跳空低开>3% 上升趋势 | 收盘>SMA5出场,形态事件,收盘>200日均线且当日跳空低开超过3%，次日开盘买入，反弹站上5日均线卖出。,16775,0.594158,0.00134997,0.00875763,0.0415291,-0.0574728,0.722587,1.05788,-0.755347,2.2158,3.73133,0.0004769,1.84564,5.77246,7725,0.613722,0.00454654,0.00899899,0.0337831,-0.0419048,0.806189,1.28088,-0.597874,7.15382,3.81748,0.00012945,0.765241,1.30014,9050,0.577459,-0.00137859,0.00853005,0.0485562,-0.0696211,0.697435,0.953137,-0.755347,-1.39309,3.65779,0.000773481,1.84564,,0.565217,0.47619,0.339901,-0.398855,2021,0.272301,12,24,-0.0451604,-0.0567938,-0.821497,0.252123,-0.0549733,0.265795,-0.398855,2021,0.169018,6,8,-0.156885,-0.314056,-0.771481,0.349163,-0.203355,0.525737,样本外亏损,0.0684207
连跌3天 上升趋势 | 首个上涨日出场,均值回归,收盘>200日均线且连续3天收跌，次日开盘买入；出现收涨日后次日开盘卖出，最多10天。,90757,0.592109,0.00132556,0.0032699,0.0168796,-0.0212531,0.794215,1.15291,-0.568111,12.6364,1.86706,5.50922e-05,1.69598,2.51866,60171,0.596783,0.00134492,0.00317257,0.0151889,-0.0191449,0.793366,1.17422,-0.377682,12.292,1.85566,0,0.491763,2.08857,30586,0.582914,0.0012875,0.0035609,0.0202847,-0.0252628,0.80295,1.12219,-0.568111,5.72599,1.88949,0.000163473,1.69598,3.32774,0.695652,0.51966,4.19668,-0.260706,2025,0.762357,8,24,0.0633485,0.423671,-0.477918,0.186221,0.132551,1.34265,-0.260706,2025,0.762357,4,8,0.0386762,0.283908,-0.477918,0.21711,0.0809266,0.525737,,0.0663713
随机入场 | 持有20天 (基线),基线,每天随机抽取约2%的股票买入并持有20天，代表“随便买”的胜率。,41961,0.553133,0.00965589,0.00987309,0.0761302,-0.0726261,1.04825,1.29752,-0.868251,17.5526,19.9646,0.00297896,4.18645,1.42769,27671,0.559214,0.00834826,0.0102291,0.0684583,-0.0679117,1.00805,1.27888,-0.698567,14.2893,20,0.00119258,0.949542,1.38772,14290,0.541358,0.012188,0.00895326,0.0914761,-0.0813996,1.12379,1.32646,-0.868251,10.5728,19.896,0.00643807,4.18645,1.44831,0.791667,0.439716,12.3959,-0.420139,2008,0.710553,6,24,0.11383,0.576187,-0.590205,0.235902,0.192866,4.39041,-0.196032,2022,0.710553,2,8,0.209898,0.863266,-0.403553,0.260812,0.520124,,,
52周新高+放量 | 持有20天,趋势突破,收盘创252日新高且成交量>1.5倍20日均量，次日买入持有20个交易日。,17808,0.544362,0.00566925,0.00685625,0.0671694,-0.0678065,0.990604,1.1835,-0.907711,6.73427,19.9909,0.00342543,3.21092,2.36578,11987,0.546509,0.00431509,0.00652821,0.0565261,-0.0586052,0.964525,1.16236,-0.689061,5.67063,20,0.00100108,0.97714,2.27316,5821,0.539942,0.00845784,0.007696,0.0893533,-0.0864841,1.03318,1.21257,-0.907711,4.13885,19.9722,0.0084178,3.21092,2.34193,0.608696,0.387597,1.90381,-0.284938,2008,0.497426,6,24,0.0279564,0.236439,-0.648484,0.216985,0.0431104,1.20812,-0.208163,2021,0.497426,3,8,0.0246488,0.23005,-0.648484,0.288874,0.0380099,0.553133,不优于随机,-0.00877059
连跌4天 上升趋势 | 持有5天,均值回归,收盘>200日均线且连续4天收跌，次日开盘买入，固定持有5个交易日。,39016,0.540394,0.00379992,0.00337581,0.0357903,-0.0338136,1.05846,1.24451,-0.589967,13.9437,4.99882,0.000333197,1.23679,1.73287,25498,0.543964,0.00336943,0.00339688,0.0315738,-0.030273,1.04297,1.24406,-0.428977,12.0404,5,0,0.432251,1.5992,13518,0.533659,0.0046119,0.00333035,0.0438971,-0.0403442,1.08806,1.24513,-0.589967,7.90954,4.9966,0.000961681,1.23679,1.84866,0.826087,0.432015,2.36833,-0.270677,2008,0.372568,7,24,0.0376127,0.290864,-0.457473,0.188327,0.0822184,1.39982,-0.138939,2022,0.246142,3,8,0.04427,0.307482,-0.418371,0.220524,0.105815,0.525737,不优于随机,0.0146564
连跌3天 上升趋势 | 持有5天,均值回归,收盘>200日均线且连续3天收跌，次日开盘买入，固定持有5个交易日。,85600,0.53875,0.00317867,0.00312253,0.0346834,-0.0336195,1.03164,1.20498,-0.508487,17.7721,4.99861,0.000245327,1.8426,1.98432,56639,0.540688,0.0027828,0.00304859,0.0310688,-0.0305146,1.01816,1.19855,-0.489834,14.9331,5,3.53114e-05,0.571155,1.89136,28961,0.534961,0.00395287,0.00334071,0.041828,-0.039617,1.05581,1.21456,-0.508487,10.3233,4.99589,0.000656055,1.8426,2.05966,0.826087,0.447639,5.97647,-0.336882,2008,0.457156,4,24,0.0795701,0.479818,-0.501912,0.202746,0.158534,1.7238,-0.278873,2025,0.457156,2,8,0.072648,0.419394,-0.409937,0.231832,0.177218,0.525737,不优于随机,0.0130127
随机入场 | 持有10天 (基线),基线,每天随机抽取约2%的股票买入并持有10天，代表“随便买”的胜率。,48423,0.537389,0.00486668,0.00460044,0.0526738,-0.0506682,1.03958,1.20763,-0.665472,13.7138,9.99015,0.00101192,1.65202,1.96213,31942,0.537067,0.00413084,0.00425456,0.0481071,-0.0468878,1.026,1.19031,-0.641658,10.6393,10,0.000281761,1.15356,2.01459,16481,0.538013,0.00629282,0.0053941,0.0615088,-0.0580098,1.06032,1.23481,-0.665472,8.72044,9.97106,0.00242704,1.65202,1.86357,0.791667,0.453677,9.45719,-0.363335,2008,0.563,6,24,0.100998,0.524852,-0.590724,0.23753,0.170973,1.96998,-0.224548,2022,0.563,2,8,0.0912488,0.480991,-0.394857,0.243997,0.231094,,,
随机入场 上升趋势 | 持有5天 (基线),基线,只在收盘>200日均线的股票里随机买入持有5天，用来衡量趋势过滤本身的贡献。,33172,0.525835,0.001576,0.00189726,0.0322864,-0.0324809,0.994011,1.10233,-0.686766,5.75778,4.99828,0.000211021,1.06871,3.75836,21968,0.525355,0.0015821,0.00168663,0.0293709,-0.0291756,1.00669,1.11425,-0.428041,5.51442,5,4.55208e-05,0.527604,3.22458,11204,0.526776,0.00156404,0.00233201,0.0379875,-0.0389812,0.974506,1.08479,-0.686766,2.68102,4.99491,0.000535523,1.06871,4.7301,0.652174,0.435659,6.16889,-0.272587,2008,0.359241,7,24,0.0810362,0.494252,-0.433906,0.197625,0.18676,2.1704,-0.206897,2022,0.279945,2,8,0.104951,0.554478,-0.345795,0.227409,0.303507,,,
随机入场 | 持有5天 (基线),基线,每天随机抽取约2%的股票买入并持有5天，代表“随便买”的胜率。,52589,0.525737,0.00183121,0.00208695,0.0366289,-0.0367433,0.996887,1.10509,-0.597472,7.49634,4.99682,0.000266215,1.06871,3.70185,34715,0.525133,0.00170585,0.00193242,0.0338679,-0.0338607,1.00021,1.10609,-0.597472,6.3218,5,5.7612e-05,0.664231,3.55042,17874,0.526911,0.00207469,0.00252889,0.0419733,-0.0423629,0.990801,1.10352,-0.584132,4.21815,4.99066,0.000671366,1.06871,3.89166,0.708333,0.448926,5.09326,-0.382438,2008,0.570341,8,24,0.0722022,0.40777,-0.592154,0.245189,0.121932,2.31107,-0.285374,2022,0.324543,2,8,0.113925,0.546198,-0.434376,0.260413,0.262271,,,
内包线 上升趋势 | 持有5天,形态事件,当日最高低于前日最高、最低高于前日最低（内包线），且收盘>200日均线，次日买入持有5天。,148841,0.523586,0.00142871,0.00184367,0.0320463,-0.0322204,0.994596,1.09307,-0.695611,10.9477,4.9979,0.000295617,1.9091,4.1063,99977,0.524121,0.00122378,0.00174855,0.0287673,-0.0291119,0.988163,1.08834,-0.65688,9.14018,5,5.00115e-05,1.9091,3.99121,48864,0.522491,0.001848,0.00199803,0.0387761,-0.0385587,1.00564,1.10037,-0.695611,6.41562,4.99359,0.000798134,1.8244,4.14661,0.73913,0.426197,1.56332,-0.496405,2008,0.309236,9,24,0.0193187,0.196045,-0.635521,0.198622,0.0303983,1.45849,-0.182624,2022,0.28467,2,8,0.0498064,0.329069,-0.360421,0.225038,0.138189,0.525737,不优于随机,-0.00215175
放量突破20日高点 | 持有10天,形态事件,收盘突破前20日最高价且成交量>2倍20日均量，次日买入持有10天。,20668,0.522063,0.00150547,0.00261558,0.0541354,-0.0559836,0.966987,1.05627,-0.902479,1.95972,9.99603,0.00203213,8.95879,7.41905,14151,0.523921,0.000808814,0.00264901,0.0445541,-0.0473325,0.941302,1.03589,-0.49333,1.40048,10,0.000423998,1.15959,9.86576,6517,0.51803,0.00301819,0.00256499,0.0751768,-0.0745391,1.00855,1.08401,-0.902479,1.44497,9.98742,0.00552401,8.95879,5.65715,0.583333,0.428571,0.986307,-0.295274,2020,0.277773,11,24,-0.000590255,0.132155,-0.740762,0.270312,-0.000796822,0.634658,-0.295274,2020,0.274523,4,8,-0.0568756,0.0280387,-0.740762,0.374362,-0.0767799,0.537389,不优于随机,-0.0153262
单日大跌>5% 上升趋势 | 持有5天,形态事件,收盘>200日均线的股票单日下跌超过5%，次日买入持有5天（博反弹）。,18351,0.519481,0.00419813,0.00320387,0.0690369,-0.065898,1.04763,1.13258,-0.857823,5.57667,4.9952,0.00217972,2.49331,2.96041,8916,0.519515,0.0026254,0.00286365,0.0560134,-0.0550995,1.01659,1.09917,-0.569661,3.18759,5,0.00056079,0.759668,3.41698,9435,0.519449,0.00568434,0.00353088,0.0813455,-0.0761012,1.06891,1.15544,-0.857823,4.58399,4.99067,0.00370959,2.49331,2.64988,0.695652,0.448276,0.111957,-0.486481,2026,0.50529,13,24,-0.0895081,-0.135266,-0.927271,0.31859,-0.0965285,0.354153,-0.486481,2026,0.311544,4,8,-0.125137,-0.0992757,-0.777302,0.428163,-0.160989,0.525737,不优于随机,-0.00625609
单日大跌>5% 无趋势过滤 | 持有5天,形态事件,任何股票单日下跌超过5%，次日买入持有5天（对比趋势过滤）。,48453,0.515592,0.00419946,0.00261988,0.0729598,-0.0689874,1.05758,1.12566,-0.857823,8.85884,4.99721,0.00185747,2.49331,3.053,27105,0.518723,0.00383013,0.00286871,0.0663654,-0.0635709,1.04396,1.12519,-0.792415,6.86495,5,0.000811658,1.08078,2.89969,21348,0.511617,0.00466839,0.00212953,0.0814487,-0.0757646,1.07502,1.12617,-0.857823,5.76474,4.99368,0.00318531,2.49331,3.17166,0.75,0.458574,0.0281805,-0.660464,2021,0.634981,13,24,-0.141738,-0.198351,-0.983262,0.390573,-0.144151,0.193062,-0.660464,2021,0.634981,4,8,-0.190896,-0.175474,-0.873012,0.502429,-0.218663,0.525737,不优于随机,-0.0101449
动量轮动 6个月动量 Top10 + SPY>200日均线过滤,动量轮动,每月末按过去6个月涨幅(剔除最近5天)选最强10只，次日开盘等权买入，持有一个月；SPY低于200日均线时空仓。,2140,0.514486,0.0121179,0.00513881,0.157422,-0.141857,1.10972,1.17594,-0.826424,2.62874,20.8879,0.0261682,1.4289,2.37211,1390,0.543165,0.0172368,0.0146541,0.13134,-0.118429,1.10902,1.3186,-0.826424,3.74445,20.9784,0.0115108,1.38039,1.2472,750,0.461333,0.00263069,-0.0213161,0.214336,-0.178681,1.19954,1.02733,-0.81473,0.262883,20.72,0.0533333,1.4289,14.3617,0.681818,0.325,2.91226,-0.430024,2021,0.742713,9,24,0.0468402,0.314745,-0.891121,0.398051,0.0525633,0.460016,-0.430024,2021,0.396999,4,8,-0.0951671,0.0945287,-0.891121,0.550469,-0.106795,0.553133,样本外胜率下滑、不优于随机,-0.0386467
动量轮动 12个月动量 Top20,动量轮动,每月末按过去12个月涨幅(剔除最近21天)选最强20只，次日开盘等权买入，持有一个月。,5360,0.513806,0.0138465,0.00559872,0.140181,-0.119663,1.17147,1.238,-0.826424,5.49578,20.9067,0.0171642,1.60927,1.79225,3480,0.511782,0.00369353,0.00485572,0.112771,-0.110649,1.01918,1.06837,-0.826424,1.45866,20.9828,0.00431034,0.917274,4.67309,1880,0.517553,0.0326404,0.0077707,0.190353,-0.136548,1.39403,1.49547,-0.81473,6.02469,20.766,0.0409574,1.60927,1.05591,0.73913,0.354167,9.62056,-0.596482,2008,0.846152,8,24,0.101806,0.446513,-0.719942,0.378021,0.141408,9.04937,-0.152266,2021,0.846152,2,8,0.328016,0.82287,-0.625415,0.494626,0.524478,0.553133,不优于随机,-0.0393267
动量轮动 12个月动量 Top10,动量轮动,每月末按过去12个月涨幅(剔除最近21天)选最强10只，次日开盘等权买入，持有一个月。,2680,0.502985,0.0147637,0.000801696,0.162024,-0.134266,1.20674,1.22124,-0.826424,3.69527,20.9067,0.0253731,1.4289,1.91592,1740,0.494253,-0.000684547,-0.00217414,0.127452,-0.125909,1.01226,0.98925,-0.826424,-0.169214,20.9828,0.00747126,0.917274,,940,0.519149,0.0433593,0.00998906,0.222951,-0.150536,1.48105,1.59901,-0.577965,5.09595,20.766,0.0585106,1.4289,0.88586,0.608696,0.358333,6.48192,-0.639356,2008,1.09706,9,24,0.0833301,0.402582,-0.831075,0.440364,0.100268,16.5885,-0.157148,2022,1.09706,1,8,0.435819,0.917405,-0.68829,0.575639,0.633191,0.553133,不优于随机,-0.0501476
动量轮动 12个月动量 Top10 + SPY>200日均线过滤,动量轮动,每月末按过去12个月涨幅(剔除最近21天)选最强10只，次日开盘等权买入，持有一个月；SPY低于200日均线时空仓。,2140,0.499533,0.0141109,-0.000121365,0.160191,-0.131697,1.21636,1.21409,-0.826424,3.17187,20.8879,0.0275701,1.4289,2.04547,1390,0.513669,0.00712296,0.00551345,0.127242,-0.119748,1.06258,1.12231,-0.826424,1.60144,20.9784,0.00791367,0.917274,2.766,750,0.473333,0.0270618,-0.0112555,0.226461,-0.152145,1.48845,1.33773,-0.577965,2.8072,20.72,0.064,1.4289,1.41082,0.681818,0.25,4.76987,-0.327076,2018,0.789651,7,24,0.0691944,0.366162,-0.68829,0.378237,0.100531,3.05523,-0.256664,2022,0.789651,1,8,0.1547,0.536234,-0.68829,0.523249,0.22476,0.553133,不优于随机,-0.0536
跳空低开>3%收阳 上升趋势 | 持有5天,形态事件,开盘较前收低开超过3%，但收盘高于开盘（缺口后承接），次日买入持有5天。,10079,0.498561,0.000301363,-0.00022694,0.0632526,-0.0622887,1.01548,1.00965,-0.73967,0.269127,4.99157,0.0024804,5.74828,41.0746,4669,0.523024,0.00264368,0.00248483,0.0458835,-0.0447706,1.02486,1.1238,-0.513474,2.71351,5,0.000214179,0.571155,3.05778,5410,0.477449,-0.00172013,-0.00380056,0.0796736,-0.0760887,1.04711,0.956737,-0.73967,-0.901109,4.98429,0.00443623,5.74828,,0.478261,0.390558,0.474435,-0.318296,2022,0.780814,17,24,-0.0314268,-0.0010541,-0.738991,0.253587,-0.0425266,1.16654,-0.318296,2022,0.780814,5,8,0.0200378,0.235732,-0.645527,0.372417,0.031041,0.525737,样本外亏损、不优于随机,-0.027176
动量轮动 3个月动量 Top10 + SPY>200日均线过滤,动量轮动,每月末按过去3个月涨幅(剔除最近5天)选最强10只，次日开盘等权买入，持有一个月；SPY低于200日均线时空仓。,2140,0.492056,0.00970147,-0.00299206,0.165144,-0.140879,1.17224,1.13557,-0.826424,1.70369,20.8879,0.0280374,6.83037,3.40018,1390,0.506475,0.00840634,0.00205956,0.127784,-0.114103,1.11989,1.14928,-0.826424,1.84958,20.9784,0.0100719,1.38039,2.58936,750,0.465333,0.0121018,-0.0198762,0.240506,-0.186684,1.28831,1.12124,-0.81473,0.870615,20.72,0.0613333,6.83037,3.98448,0.545455,0.275,1.61196,-0.395522,2021,0.72946,10,24,0.0206569,0.248953,-0.8456,0.396717,0.0244287,0.886353,-0.395522,2021,0.438443,4,8,-0.0154172,0.249759,-0.8456,0.559553,-0.0182323,0.553133,不优于随机,-0.0610766
单日大跌>8% 上升趋势 | 持有5天,形态事件,收盘>200日均线的股票单日下跌超过8%，次日买入持有5天（博反弹）。,5361,0.48629,0.00189077,-0.00284393,0.0927348,-0.0841043,1.10262,1.04376,-0.857823,0.999526,4.99571,0.00559597,2.41273,9.26279,2072,0.478764,-0.00183159,-0.00291664,0.0676367,-0.0656395,1.03043,0.946466,-0.478636,-0.882595,5,0.000965251,0.759668,,3289,0.491031,0.00423577,-0.00230712,0.108151,-0.0960171,1.12637,1.08667,-0.857823,1.51713,4.99301,0.00851323,2.41273,4.89029,0.521739,0.435115,0.14397,-0.46384,2021,1.26293,17,24,-0.0796491,-0.171056,-0.916165,0.271249,-0.0869375,0.336023,-0.46384,2021,1.26293,7,8,-0.131038,-0.149446,-0.791484,0.402415,-0.16556,0.525737,不优于随机,-0.0394475
跳空低开>5%收阳 上升趋势 | 持有5天,形态事件,开盘较前收低开超过5%，但收盘高于开盘（缺口后承接），次日买入持有5天。,3225,0.471008,-0.00319927,-0.00363409,0.0757566,-0.0735005,1.03069,0.917717,-0.569208,-1.20481,4.99535,0.00341085,5.74828,,1311,0.482075,0.000507042,-0.00171315,0.0522839,-0.0476859,1.09642,1.02053,-0.513474,0.245982,5,0.000762777,0.571155,17.3996,1914,0.463427,-0.00573791,-0.00709794,0.0924812,-0.0905679,1.02113,0.881927,-0.569208,-1.35161,4.99216,0.00522466,5.74828,,0.434783,0.301887,0.341074,-0.428007,2020,0.670013,14,24,-0.0450195,-0.120475,-0.769681,0.207382,-0.0584911,0.490746,-0.428007,2020,0.670013,5,8,-0.0876,-0.119709,-0.67392,0.327812,-0.129986,0.525737,样本外亏损、负期望、不优于随机,-0.0547296
52周新高 | 8ATR追踪止损,趋势突破,收盘创252日新高买入；8倍ATR吊灯止损离场，让赢家尽量跑。,9960,0.45241,0.0560524,-0.0212335,0.266829,-0.118088,2.25958,1.86683,-0.767321,15.8866,129.166,0.0610442,9.12225,0.982621,6271,0.465954,0.0534587,-0.0151517,0.237197,-0.106853,2.21985,1.93682,-0.767321,15.3106,135.631,0.0554935,5.1873,0.854946,3689,0.429385,0.0604616,-0.0351196,0.321493,-0.135963,2.36456,1.77932,-0.762014,8.11436,118.177,0.0704798,9.12225,1.16228,0.73913,0.0687831,2.26663,-0.460953,2008,0.368416,10,24,0.0356643,0.267363,-0.620893,0.236494,0.0574403,1.17656,-0.213187,2022,0.279241,4,8,0.0211612,0.224761,-0.620893,0.313157,0.0340819,0.553133,不优于随机,-0.100723
50/200均线金叉 | 死叉出场,趋势突破,50日均线上穿200日均线买入，下穿卖出（经典黄金交叉）。,7797,0.44966,0.113775,-0.0229775,0.423402,-0.139207,3.04152,2.4851,-0.96084,17.8226,202.74,0.114018,16.847,0.778784,4838,0.471476,0.114687,-0.0121356,0.3845,-0.126002,3.05153,2.72215,-0.701048,17.8898,217.027,0.11327,7.08302,0.670248,2959,0.413991,0.112285,-0.0373172,0.495838,-0.15868,3.12477,2.20752,-0.96084,8.53348,179.382,0.115242,16.847,0.957306,0.782609,0.0308219,2.75771,-0.378765,2008,0.34564,7,24,0.0443986,0.32107,-0.633301,0.195145,0.0701066,1.95924,-0.0937005,2022,0.340353,1,8,0.0904812,0.510303,-0.349464,0.216342,0.258914,0.553133,样本外胜率下滑、不优于随机,-0.103473
55日新高 | 6ATR追踪止损,趋势突破,收盘创55日新高且在200日均线上方买入；最高收盘价-6倍ATR的吊灯止损离场。,18159,0.429043,0.0314604,-0.0237909,0.201977,-0.0966734,2.08927,1.56997,-0.882027,16.2491,79.1107,0.0356848,8.23065,1.24893,11546,0.437034,0.0285408,-0.02075,0.179025,-0.0882816,2.02789,1.57427,-0.602448,15.3673,82.2114,0.0305734,3.21872,1.12175,6613,0.415091,0.0365579,-0.0286473,0.244166,-0.110775,2.20416,1.56422,-0.882027,8.67806,73.697,0.0446091,8.23065,1.41267,0.695652,0.137291,1.44798,-0.372389,2008,0.42534,11,24,0.0159787,0.180397,-0.608981,0.205431,0.0262384,0.708559,-0.363837,2022,0.229646,4,8,-0.0434012,-0.0754904,-0.608981,0.231725,-0.0712685,0.553133,不优于随机,-0.124089
20日新高 | 5ATR追踪止损,趋势突破,收盘创20日新高且在200日均线上方买入；最高收盘价-5倍ATR的吊灯止损离场（比海龟的3倍更宽）。,26802,0.425901,0.0233798,-0.0211942,0.167151,-0.0832784,2.00714,1.48901,-0.918201,17.1092,58.1786,0.024625,9.54608,1.38311,17153,0.42838,0.0199783,-0.019344,0.148615,-0.0764236,1.94462,1.45732,-0.502207,15.6645,60.1918,0.0197633,2.3101,1.32367,9649,0.421494,0.0294265,-0.0257593,0.200641,-0.0953191,2.10494,1.53364,-0.918201,9.66909,54.5998,0.0332677,9.54608,1.44375,0.652174,0.164491,1.94306,-0.426175,2008,0.362516,10,24,0.0288553,0.23874,-0.697907,0.231045,0.0413455,1.37404,-0.340361,2022,0.325732,4,8,0.0417731,0.285867,-0.697907,0.288422,0.0598548,0.553133,不优于随机,-0.127232
52周新高 | 5ATR追踪止损,趋势突破,收盘创252日新高买入（不要求放量）；5倍ATR吊灯止损离场。,15536,0.424627,0.0205363,-0.0201158,0.153337,-0.077471,1.97929,1.46072,-0.768565,11.8355,57.038,0.0200824,7.73124,1.47187,9909,0.434252,0.0188647,-0.016854,0.133774,-0.0693367,1.92935,1.48091,-0.491223,12.328,59.1518,0.0154405,1.85478,1.27801,5627,0.407677,0.0234801,-0.0289301,0.190032,-0.0911526,2.08477,1.43488,-0.768565,5.92791,53.3158,0.0282566,7.73124,1.72339,0.652174,0.196721,2.55678,-0.421943,2008,0.502476,10,24,0.0410204,0.28898,-0.630692,0.234958,0.0650404,1.93489,-0.235654,2022,0.502476,3,8,0.0887258,0.433223,-0.508472,0.303865,0.174495,0.553133,不优于随机,-0.128506
52周新高+放量 | 5ATR追踪止损,趋势突破,收盘创252日新高且成交量>1.5倍20日均量买入；5倍ATR吊灯止损离场。,11305,0.417161,0.0190259,-0.0222084,0.158116,-0.080526,1.96353,1.40538,-0.768565,8.84345,55.8402,0.0223795,7.73124,1.66487,7386,0.424316,0.0165276,-0.0190405,0.135804,-0.0713871,1.90237,1.40217,-0.491223,9.1521,57.7558,0.0169239,1.85478,1.4904,3919,0.403674,0.0237342,-0.027741,0.202315,-0.0971534,2.08243,1.40967,-0.768565,4.57374,52.2299,0.0326614,7.73124,1.86871,0.608696,0.167568,3.38139,-0.383951,2008,0.681472,10,24,0.0535575,0.341553,-0.653275,0.232093,0.081983,3.20632,-0.171623,2022,0.681472,3,8,0.1619,0.64032,-0.523149,0.310432,0.309473,0.553133,不优于随机,-0.135972
20日新高突破 | 跌破10日低点出场,趋势突破,海龟系统一：收盘突破20日最高价买入，跌破10日最低价卖出。,41030,0.414233,0.00686694,-0.0147173,0.0958813,-0.0560809,1.7097,1.20904,-0.896485,10.9838,26.7093,0.00714112,4.16008,2.64717,26785,0.414822,0.00493235,-0.0139806,0.0838461,-0.0510081,1.64378,1.16524,-0.58042,8.04146,27.0866,0.00414411,1.69003,3.02987,14245,0.413127,0.0105046,-0.0163911,0.118604,-0.0655918,1.80822,1.27289,-0.896485,7.59843,26,0.0127764,4.16008,2.27722,0.695652,0.241211,1.09485,-0.549398,2008,0.695459,10,24,0.00388807,0.140382,-0.763024,0.249747,0.00509561,1.06506,-0.350055,2025,0.695459,4,8,0.00815105,0.192458,-0.763024,0.338443,0.0106826,0.553133,不优于随机,-0.138899
20日新高突破(海龟) | 3ATR追踪止损,趋势突破,收盘突破前20日最高价买入；用最高收盘价-3倍ATR的吊灯止损离场。,41345,0.403338,0.00699328,-0.0174623,0.096066,-0.053219,1.80511,1.22023,-0.55132,11.0706,24.9678,0.00643367,10.8482,2.52747,26774,0.407746,0.00524686,-0.0158266,0.0839289,-0.048923,1.71553,1.18108,-0.451977,9.0309,25.739,0.00336147,1.6005,2.75194,14571,0.395237,0.0102023,-0.0211457,0.119074,-0.0609495,1.95364,1.27678,-0.55132,7.0874,23.5506,0.0120788,10.8482,2.28587,0.695652,0.236056,0.877538,-0.50528,2008,0.448698,7,24,-0.00557875,0.0899554,-0.730716,0.229039,-0.00763463,0.893654,-0.397427,2025,0.433474,2,8,-0.0143764,0.0985873,-0.730716,0.296682,-0.0196745,0.553133,不优于随机,-0.149795
55日新高突破(海龟) | 3ATR追踪止损,趋势突破,收盘突破前55日最高价买入；用最高收盘价-3倍ATR的吊灯止损离场。,31567,0.397219,0.00518722,-0.0180594,0.0924728,-0.0523319,1.76704,1.16444,-0.55132,7.18267,24.7677,0.00605062,10.8482,3.29791,20424,0.402272,0.00419512,-0.0160837,0.0808211,-0.0473743,1.70601,1.14815,-0.451977,6.55442,25.6264,0.00288876,1.34504,3.32608,11143,0.387957,0.00700564,-0.0226987,0.114617,-0.0612062,1.87264,1.18701,-0.55132,4.17988,23.1937,0.011846,10.8482,3.22722,0.652174,0.228216,1.02723,-0.39099,2008,0.508137,9,24,0.00115101,0.117058,-0.662015,0.223562,0.00173864,0.53612,-0.372218,2025,0.296714,5,8,-0.0771492,-0.138133,-0.631645,0.286265,-0.12214,0.553133,不优于随机,-0.155914
52周新高+放量 | 3ATR追踪止损,趋势突破,收盘创252日新高且放量，次日买入，3倍ATR吊灯止损离场。,15281,0.393757,0.00524905,-0.0181831,0.0947327,-0.0528709,1.79177,1.16376,-0.705295,4.50429,23.9856,0.00634775,10.8482,3.37854,10114,0.396381,0.00467282,-0.0162069,0.0821673,-0.0462159,1.7779,1.1675,-0.451977,5.10465,24.7834,0.00316393,1.25911,3.02638,5167,0.38862,0.00637699,-0.0229691,0.11982,-0.0657321,1.82285,1.15868,-0.705295,2.16599,22.424,0.0125798,10.8482,3.81987,0.565217,0.197425,0.609151,-0.361441,2008,0.278632,9,24,-0.0210039,-0.0126132,-0.689994,0.193968,-0.0304407,0.521127,-0.276986,2021,0.110978,4,8,-0.0805142,-0.208321,-0.626982,0.251984,-0.128416,0.553133,不优于随机,-0.159376
MACD零轴上方金叉 | MACD死叉出场,趋势突破,MACD线在零轴上方上穿信号线买入，下穿信号线卖出。,53089,0.361374,0.000265862,-0.00999556,0.0533667,-0.0297819,1.79192,1.01398,-0.762014,0.917997,8.77871,0.00141272,3.28122,34.96,36011,0.363889,-1.9053e-05,-0.0093802,0.0476528,-0.0272899,1.74617,0.998902,-0.400755,-0.0668847,8.80909,0.000472078,1.0469,,17078,0.356072,0.00086664,-0.0115547,0.0656796,-0.0349729,1.87801,1.03848,-0.762014,1.29233,8.71466,0.00339618,3.28122,13.9891,0.541667,0.228838,1.1509,-0.404782,2008,0.335682,9,24,0.0060367,0.125667,-0.59475,0.185884,0.01015,0.813676,-0.329419,2025,0.22086,3,8,-0.0262062,-0.0169713,-0.534999,0.214118,-0.0489836,0.537389,不优于随机,-0.176015
SPY 买入持有,基准,SPY 买入持有（复权）。,,,,,,,,,,,,,,,,,,,,,,,,,,,,,,,,,,,,,,,,,,,,,10.5799,-0.36795,2008,0.323078,3,24,0.1063,0.642875,-0.551895,0.183644,0.192609,3.48136,-0.181754,2022,0.310875,1,8,0.174281,0.934607,-0.337173,0.192164,0.516891,,,
QQQ 买入持有,基准,QQQ 买入持有（复权）。,,,,,,,,,,,,,,,,,,,,,,,,,,,,,,,,,,,,,,,,,,,,,24.7476,-0.417271,2008,0.548556,3,24,0.147301,0.756615,-0.53404,0.211505,0.275824,5.12935,-0.32577,2022,0.548556,1,8,0.234381,1.00429,-0.351187,0.238651,0.667396,,,
